{"v":"5.7.1","fr":30,"ip":0,"op":64,"w":1024,"h":1024,"nm":"Cleaning","ddd":0,"assets":[],"layers":[{"ddd":0,"ind":1,"ty":4,"nm":"Shape Layer 5","sr":1,"ks":{"p":{"a":0,"k":[512,517,0]},"s":{"a":0,"k":[-100,100,100]}},"ao":0,"shapes":[{"ty":"gr","it":[{"ind":0,"ty":"sh","ks":{"a":0,"k":{"i":[[0,0],[35,54]],"o":[[0,0],[-35,-54]],"v":[[197,247],[304,171]],"c":false}},"nm":"Path 1","hd":false},{"ty":"st","c":{"a":0,"k":[0.082352941176,0.086274509804,0.109803921569,1]},"o":{"a":0,"k":100},"w":{"a":0,"k":8},"lc":2,"lj":2,"bm":0,"nm":"Stroke 1","hd":false},{"ty":"tr","p":{"a":0,"k":[0,0]},"a":{"a":0,"k":[0,0]},"s":{"a":0,"k":[100,100]},"r":{"a":0,"k":0},"o":{"a":0,"k":100},"sk":{"a":0,"k":0},"sa":{"a":0,"k":0},"nm":"Transform"}],"nm":"Shape 1","bm":0,"hd":false},{"ty":"tm","s":{"a":1,"k":[{"i":{"x":[0.833],"y":[0.833]},"o":{"x":[0.167],"y":[0.167]},"t":52,"s":[0]},{"t":64,"s":[100]}]},"e":{"a":1,"k":[{"i":{"x":[0.833],"y":[0.833]},"o":{"x":[0.167],"y":[0.167]},"t":52,"s":[0]},{"t":60,"s":[100]}]},"o":{"a":0,"k":0},"m":1,"nm":"Trim Paths 1","hd":false}],"ip":0,"op":64,"st":0,"bm":0},{"ddd":0,"ind":2,"ty":4,"nm":"Shape Layer 4","sr":1,"ks":{"p":{"a":0,"k":[511,531,0]},"s":{"a":0,"k":[-100,100,100]}},"ao":0,"shapes":[{"ty":"gr","it":[{"ind":0,"ty":"sh","ks":{"a":0,"k":{"i":[[0,0],[-24,44]],"o":[[0,0],[24,-44]],"v":[[216,270],[374,220]],"c":false}},"nm":"Path 1","hd":false},{"ty":"tm","s":{"a":1,"k":[{"i":{"x":[0.833],"y":[0.833]},"o":{"x":[0.167],"y":[0.167]},"t":52,"s":[0]},{"t":64,"s":[100]}]},"e":{"a":1,"k":[{"i":{"x":[0.833],"y":[0.833]},"o":{"x":[0.167],"y":[0.167]},"t":52,"s":[0]},{"t":60,"s":[100]}]},"o":{"a":0,"k":0},"m":1,"nm":"Trim Paths 1","hd":false},{"ty":"st","c":{"a":0,"k":[0.082352941176,0.086274509804,0.109803921569,1]},"o":{"a":0,"k":100},"w":{"a":0,"k":8},"lc":2,"lj":1,"ml":4,"bm":0,"nm":"Stroke 1","hd":false},{"ty":"tr","p":{"a":0,"k":[0,0]},"a":{"a":0,"k":[0,0]},"s":{"a":0,"k":[100,100]},"r":{"a":0,"k":0},"o":{"a":0,"k":100},"sk":{"a":0,"k":0},"sa":{"a":0,"k":0},"nm":"Transform"}],"nm":"Shape 1","bm":0,"hd":false}],"ip":0,"op":64,"st":0,"bm":0},{"ddd":0,"ind":3,"ty":4,"nm":"Shape Layer 3","sr":1,"ks":{"p":{"a":0,"k":[512,512,0]}},"ao":0,"shapes":[{"ty":"gr","it":[{"ind":0,"ty":"sh","ks":{"a":0,"k":{"i":[[0,0],[35,54]],"o":[[0,0],[-35,-54]],"v":[[197,247],[304,171]],"c":false}},"nm":"Path 1","hd":false},{"ty":"st","c":{"a":0,"k":[0.082352941176,0.086274509804,0.109803921569,1]},"o":{"a":0,"k":100},"w":{"a":0,"k":8},"lc":2,"lj":2,"bm":0,"nm":"Stroke 1","hd":false},{"ty":"tr","p":{"a":0,"k":[0,0]},"a":{"a":0,"k":[0,0]},"s":{"a":0,"k":[100,100]},"r":{"a":0,"k":0},"o":{"a":0,"k":100},"sk":{"a":0,"k":0},"sa":{"a":0,"k":0},"nm":"Transform"}],"nm":"Shape 1","bm":0,"hd":false},{"ty":"tm","s":{"a":1,"k":[{"i":{"x":[0.833],"y":[0.833]},"o":{"x":[0.167],"y":[0.167]},"t":22,"s":[0]},{"t":34,"s":[100]}]},"e":{"a":1,"k":[{"i":{"x":[0.833],"y":[0.833]},"o":{"x":[0.167],"y":[0.167]},"t":22,"s":[0]},{"t":30,"s":[100]}]},"o":{"a":0,"k":0},"m":1,"nm":"Trim Paths 1","hd":false}],"ip":0,"op":64,"st":0,"bm":0},{"ddd":0,"ind":4,"ty":4,"nm":"Shape Layer 2","sr":1,"ks":{"p":{"a":0,"k":[511,526,0]}},"ao":0,"shapes":[{"ty":"gr","it":[{"ind":0,"ty":"sh","ks":{"a":0,"k":{"i":[[0,0],[-24,44]],"o":[[0,0],[24,-44]],"v":[[216,270],[374,220]],"c":false}},"nm":"Path 1","hd":false},{"ty":"tm","s":{"a":1,"k":[{"i":{"x":[0.833],"y":[0.833]},"o":{"x":[0.167],"y":[0.167]},"t":22,"s":[0]},{"t":34,"s":[100]}]},"e":{"a":1,"k":[{"i":{"x":[0.833],"y":[0.833]},"o":{"x":[0.167],"y":[0.167]},"t":22,"s":[0]},{"t":30,"s":[100]}]},"o":{"a":0,"k":0},"m":1,"nm":"Trim Paths 1","hd":false},{"ty":"st","c":{"a":0,"k":[0.082352941176,0.086274509804,0.109803921569,1]},"o":{"a":0,"k":100},"w":{"a":0,"k":8},"lc":2,"lj":1,"ml":4,"bm":0,"nm":"Stroke 1","hd":false},{"ty":"tr","p":{"a":0,"k":[0,0]},"a":{"a":0,"k":[0,0]},"s":{"a":0,"k":[100,100]},"r":{"a":0,"k":0},"o":{"a":0,"k":100},"sk":{"a":0,"k":0},"sa":{"a":0,"k":0},"nm":"Transform"}],"nm":"Shape 1","bm":0,"hd":false}],"ip":0,"op":64,"st":0,"bm":0},{"ddd":0,"ind":5,"ty":4,"nm":"Shape Layer 1","sr":1,"ks":{"p":{"a":0,"k":[512,512,0]}},"ao":0,"shapes":[],"ip":0,"op":64,"st":0,"bm":0},{"ddd":0,"ind":6,"ty":4,"nm":"Cleaning 1 Outlines","sr":1,"ks":{"r":{"a":1,"k":[{"i":{"x":[0.833],"y":[0.833]},"o":{"x":[0.167],"y":[0.167]},"t":0,"s":[39]},{"i":{"x":[0.833],"y":[0.833]},"o":{"x":[0.167],"y":[0.167]},"t":30,"s":[-40]},{"i":{"x":[0.833],"y":[0.833]},"o":{"x":[0.167],"y":[0.167]},"t":32,"s":[-40]},{"t":62,"s":[39]}]},"p":{"a":1,"k":[{"i":{"x":0.833,"y":0.833},"o":{"x":0.167,"y":0.167},"t":0,"s":[512,531,0],"to":[0,0.833,0],"ti":[0,-0.833,0]},{"i":{"x":0.833,"y":0.833},"o":{"x":0.167,"y":0.167},"t":30,"s":[512,536,0],"to":[0,0,0],"ti":[0,0,0]},{"i":{"x":0.833,"y":0.833},"o":{"x":0.167,"y":0.167},"t":32,"s":[512,536,0],"to":[0,-0.833,0],"ti":[0,0.833,0]},{"t":62,"s":[512,531,0]}]},"a":{"a":0,"k":[50,50,0]},"s":{"a":0,"k":[1318,1318,100]}},"ao":0,"shapes":[{"ty":"gr","it":[{"ind":0,"ty":"sh","ks":{"a":1,"k":[{"i":{"x":0.833,"y":0.833},"o":{"x":0.167,"y":0.167},"t":0,"s":[{"i":[[-0.343,0.179],[-2.997,-0.873],[0.043,0.713],[2.642,1.762],[2,-4],[-0.452,0.68],[-1.286,0]],"o":[[0.589,-0.308],[0.686,0.199],[-0.223,-3.682],[-6,-4],[0,0.698],[0.894,-1.345],[0.97,0]],"v":[[0.579,5.523],[4.633,7.187],[5.956,6.141],[2.001,-3.389],[-5.999,6.611],[-3.693,6.71],[-0.786,6.592]],"c":true}]},{"i":{"x":0.833,"y":0.833},"o":{"x":0.167,"y":0.167},"t":15,"s":[{"i":[[-1.499,0.073],[0.333,-2.037],[-1.283,2.38],[2.642,1.762],[2,-4],[-0.494,-0.65],[-0.516,-1.531]],"o":[[1.202,0.238],[-0.151,0.753],[1.751,-3.247],[-6,-4],[-0.81,1.426],[0.643,0.846],[0.608,0.61]],"v":[[-1.459,2.79],[-2.711,5.22],[4.015,2.948],[2.001,-3.389],[-7.139,2.003],[-4.775,2.612],[-4.545,5.536]],"c":true}]},{"i":{"x":0.833,"y":0.833},"o":{"x":0.167,"y":0.167},"t":19,"s":[{"i":[[-1.191,0.101],[-0.555,-1.726],[-0.929,1.935],[2.642,1.762],[2,-4],[-0.483,-0.295],[0.634,-1.032]],"o":[[1.039,0.093],[0.072,0.605],[1.224,-3.363],[-6,-4],[-0.594,1.232],[0.71,0.262],[0.704,0.447]],"v":[[-0.916,3.519],[-0.752,5.745],[4.533,3.799],[2.001,-3.389],[-6.835,3.231],[-3.298,3.357],[-3.724,5.163]],"c":true}]},{"i":{"x":0.833,"y":0.833},"o":{"x":0.167,"y":0.167},"t":26,"s":[{"i":[[-0.651,0.151],[-2.109,-1.183],[-0.311,1.157],[2.642,1.762],[0.53,-4.802],[-0.463,0.325],[-0.588,-0.375]],"o":[[0.752,-0.162],[0.463,0.347],[0.303,-3.566],[-6,-4],[1.456,0.732],[0.827,-0.761],[0.873,0.163]],"v":[[0.035,4.795],[2.674,6.662],[5.439,5.289],[2.001,-3.389],[-6.303,5.382],[-3.549,5.49],[-1.854,6.072]],"c":true}]},{"i":{"x":0.833,"y":0.833},"o":{"x":0.167,"y":0.167},"t":30,"s":[{"i":[[-0.343,0.179],[-2.997,-0.873],[0.043,0.713],[2.642,1.762],[2,-4],[-0.452,0.68],[-1.286,0]],"o":[[0.589,-0.308],[0.686,0.199],[-0.223,-3.682],[-6,-4],[0,0.698],[0.894,-1.345],[0.97,0]],"v":[[0.579,5.523],[4.633,7.187],[5.956,6.141],[2.001,-3.389],[-5.999,6.611],[-3.693,6.71],[-0.786,6.592]],"c":true}]},{"i":{"x":0.833,"y":0.833},"o":{"x":0.167,"y":0.167},"t":45,"s":[{"i":[[-0.343,0.179],[-2.997,-0.873],[1.423,1.036],[2.642,1.762],[-4.852,-2.971],[2.911,1.798],[-1.286,0]],"o":[[0.589,-0.308],[0.686,0.199],[-2.982,-2.172],[-6,-4],[2.137,0.88],[-1.374,-0.849],[0.97,0]],"v":[[2.311,3.277],[6.336,6.177],[8.122,5.273],[3.733,-5.636],[-1.857,5.237],[-0.919,3.977],[3.37,5.276]],"c":true}]},{"i":{"x":0.833,"y":0.833},"o":{"x":0.167,"y":0.167},"t":50,"s":[{"i":[[-0.343,0.179],[-3.436,0.54],[1.017,0.941],[2.642,1.762],[-4.468,-2.424],[3.978,3.094],[-1.286,0]],"o":[[0.589,-0.308],[0.706,-0.111],[-2.17,-2.616],[-6,-4],[1.706,1.518],[-0.707,-0.995],[0.97,0]],"v":[[1.802,3.938],[5.898,4.897],[3.94,2.086],[3.224,-4.975],[-2.933,4.972],[-1.68,3.435],[2.148,5.663]],"c":true}]},{"i":{"x":0.833,"y":0.833},"o":{"x":0.167,"y":0.167},"t":54,"s":[{"i":[[-0.343,0.179],[-1.786,-0.897],[0.286,1.48],[2.642,1.762],[-2.04,-3.091],[2.158,2.019],[-1.286,0]],"o":[[0.589,-0.308],[0.885,-0.299],[-0.957,-3.273],[-6,-4],[1.104,1.129],[-0.173,-1.111],[0.97,0]],"v":[[1.394,4.466],[3.894,5.363],[4.377,3.004],[2.816,-4.447],[-3.979,5.63],[-2.36,4.751],[1.17,5.973]],"c":true}]},{"i":{"x":0.833,"y":0.833},"o":{"x":0.167,"y":0.167},"t":58,"s":[{"i":[[-0.343,0.179],[-0.136,-2.335],[-0.445,2.018],[2.642,1.762],[0.388,-3.758],[0.339,0.943],[-1.286,0]],"o":[[0.589,-0.308],[0.041,0.698],[0.257,-3.929],[-6,-4],[0.503,0.741],[0.36,-1.228],[0.97,0]],"v":[[0.986,4.995],[2.216,6.84],[4.814,3.922],[2.408,-3.918],[-5.025,6.287],[-3.04,6.067],[0.192,6.282]],"c":true}]},{"t":62,"s":[{"i":[[-0.343,0.179],[-2.997,-0.873],[0.043,0.713],[2.642,1.762],[2,-4],[-0.452,0.68],[-1.286,0]],"o":[[0.589,-0.308],[0.686,0.199],[-0.223,-3.682],[-6,-4],[0,0.698],[0.894,-1.345],[0.97,0]],"v":[[0.579,5.523],[4.633,7.187],[5.956,6.141],[2.001,-3.389],[-5.999,6.611],[-3.693,6.71],[-0.786,6.592]],"c":true}]}]},"nm":"Path 1","hd":false},{"ty":"fl","c":{"a":0,"k":[0.383999992819,0.894000004787,0.596000043084,1]},"o":{"a":0,"k":100},"r":1,"bm":0,"nm":"Fill 1","hd":false},{"ty":"tr","p":{"a":0,"k":[50.369,65.771]},"a":{"a":0,"k":[0,0]},"s":{"a":0,"k":[100,100]},"r":{"a":0,"k":0},"o":{"a":0,"k":100},"sk":{"a":0,"k":0},"sa":{"a":0,"k":0},"nm":"Transform"}],"nm":"Group 1","bm":0,"hd":false}],"ip":0,"op":64,"st":0,"bm":0},{"ddd":0,"ind":7,"ty":4,"nm":"Cleaning 2 Outlines","sr":1,"ks":{"r":{"a":1,"k":[{"i":{"x":[0.833],"y":[0.833]},"o":{"x":[0.167],"y":[0.167]},"t":0,"s":[39]},{"i":{"x":[0.833],"y":[0.833]},"o":{"x":[0.167],"y":[0.167]},"t":30,"s":[-40]},{"i":{"x":[0.833],"y":[0.833]},"o":{"x":[0.167],"y":[0.167]},"t":32,"s":[-40]},{"t":62,"s":[39]}]},"p":{"a":1,"k":[{"i":{"x":0.833,"y":0.833},"o":{"x":0.167,"y":0.167},"t":0,"s":[512,531,0],"to":[0,0.833,0],"ti":[0,-0.833,0]},{"i":{"x":0.833,"y":0.833},"o":{"x":0.167,"y":0.167},"t":30,"s":[512,536,0],"to":[0,0,0],"ti":[0,0,0]},{"i":{"x":0.833,"y":0.833},"o":{"x":0.167,"y":0.167},"t":32,"s":[512,536,0],"to":[0,-0.833,0],"ti":[0,0.833,0]},{"t":62,"s":[512,531,0]}]},"a":{"a":0,"k":[50,50,0]},"s":{"a":0,"k":[1318,1318,100]}},"ao":0,"shapes":[{"ty":"gr","it":[{"ind":0,"ty":"sh","ks":{"a":0,"k":{"i":[[0.552,0],[0,0],[0,0.552],[0,0],[-0.552,0],[0,-0.553],[0,0]],"o":[[0,0],[-0.552,0],[0,0],[0,-0.553],[0.552,0],[0,0],[0,0.552]],"v":[[0,20],[0,20],[-1,19],[-1,-19],[0,-20],[1,-19],[1,19]],"c":true}},"nm":"Path 1","hd":false},{"ty":"fl","c":{"a":0,"k":[0.081999999402,0.086000001197,0.109999997008,1]},"o":{"a":0,"k":100},"r":1,"bm":0,"nm":"Fill 1","hd":false},{"ty":"tr","p":{"a":0,"k":[50.349,42.492]},"a":{"a":0,"k":[0,0]},"s":{"a":0,"k":[100,100]},"r":{"a":0,"k":0},"o":{"a":0,"k":100},"sk":{"a":0,"k":0},"sa":{"a":0,"k":0},"nm":"Transform"}],"nm":"Group 1","bm":0,"hd":false}],"ip":0,"op":64,"st":0,"bm":0},{"ddd":0,"ind":8,"ty":4,"nm":"Cleaning 3 Outlines","sr":1,"ks":{"p":{"a":0,"k":[512,512,0]},"a":{"a":0,"k":[50,50,0]},"s":{"a":0,"k":[1318,1318,100]}},"ao":0,"shapes":[{"ty":"gr","it":[{"ind":0,"ty":"sh","ks":{"a":0,"k":{"i":[[0,0],[0,0]],"o":[[0,0],[0,0]],"v":[[75,73],[25,73]],"c":false}},"nm":"Path 1","hd":false},{"ty":"st","c":{"a":0,"k":[0.081999999402,0.086000001197,0.109999997008,1]},"o":{"a":0,"k":100},"w":{"a":0,"k":0.25},"lc":1,"lj":1,"ml":10,"bm":0,"nm":"Stroke 1","hd":false},{"ty":"tr","p":{"a":0,"k":[0,0]},"a":{"a":0,"k":[0,0]},"s":{"a":0,"k":[100,100]},"r":{"a":0,"k":0},"o":{"a":0,"k":100},"sk":{"a":0,"k":0},"sa":{"a":0,"k":0},"nm":"Transform"}],"nm":"Group 1","bm":0,"hd":false}],"ip":0,"op":64,"st":0,"bm":0}],"markers":[]}