{"nm":"scene1","ddd":0,"h":90,"w":90,"meta":{"g":"@lottiefiles/creator 0.47.0"},"layers":[{"ty":4,"nm":"menu","sr":1,"st":0,"op":57,"ip":0,"hd":false,"ln":"menu","ddd":0,"bm":0,"hasMask":false,"ao":0,"ks":{"a":{"a":0,"k":[806.170000076294,1272.5]},"s":{"a":0,"k":[137.93103448275892,137.93103448275892]},"sk":{"a":0,"k":0},"p":{"a":0,"k":[45,44.999999999999886]},"r":{"a":0,"k":0},"sa":{"a":0,"k":0},"o":{"a":0,"k":100}},"ef":[],"shapes":[{"ty":"gr","bm":0,"ln":"Line_7","hd":false,"nm":"Line_7","it":[{"ty":"sh","bm":0,"ln":"Line_7","hd":false,"nm":"Line_7","d":1,"ks":{"a":0,"k":{"c":true,"i":[[0,0],[0,0],[4.440892098500626e-16,1.931702585729],[-1.9329966244077772,0],[0,0],[0,-1.931702585729],[1.931702585728999,0]],"o":[[0,0],[-1.9317025857289996,0],[0,-1.9329966244077774],[0,0],[1.931702585728999,0],[0,1.931702585729],[0,0]],"v":[[53.34,3.5],[0,3.5],[-3.5,4.286263797015736e-16],[-8.649841744773917e-16,-3.5],[53.34,-3.5],[56.84,0],[53.34,3.5]]}}},{"ty":"fl","bm":0,"hd":false,"nm":"Fill","c":{"a":0,"k":[1,0.5686,0.302]},"r":1,"o":{"a":0,"k":100}},{"ty":"tr","a":{"a":0,"k":[26.670000076293945,0]},"s":{"a":0,"k":[100,100]},"sk":{"a":0,"k":0},"p":{"a":1,"k":[{"o":{"x":0.167,"y":0.167},"i":{"x":0.833,"y":0.833},"s":[806.170000076294,1292.5],"t":0},{"s":[806.170000076294,1272.5],"t":12}]},"r":{"a":1,"k":[{"o":{"x":0.167,"y":0.167},"i":{"x":0.833,"y":0.833},"s":[0],"t":0},{"o":{"x":0.167,"y":0.167},"i":{"x":0.833,"y":0.833},"s":[0],"t":12},{"s":[-45],"t":28}]},"sa":{"a":0,"k":0},"o":{"a":0,"k":100}}]},{"ty":"gr","bm":0,"ln":"Line_6","hd":false,"nm":"Line_6","it":[{"ty":"sh","bm":0,"ln":"Line_6","hd":false,"nm":"Line_6","d":1,"ks":{"a":0,"k":{"c":true,"i":[[0,0],[0,0],[4.440892098500626e-16,1.931702585729],[-1.9329966244077772,0],[0,0],[0,-1.931702585729],[1.931702585728999,0]],"o":[[0,0],[-1.9317025857289996,0],[0,-1.9329966244077774],[0,0],[1.931702585728999,0],[0,1.931702585729],[0,0]],"v":[[53.34,3.5],[0,3.5],[-3.5,4.286263797015736e-16],[-8.649841744773917e-16,-3.5],[53.34,-3.5],[56.84,0],[53.34,3.5]]}}},{"ty":"fl","bm":0,"hd":false,"nm":"Fill","c":{"a":0,"k":[1,0.5686,0.302]},"r":1,"o":{"a":0,"k":100}},{"ty":"tr","a":{"a":0,"k":[26.670000076293945,0]},"s":{"a":0,"k":[100,100]},"sk":{"a":0,"k":0},"p":{"a":0,"k":[806.170000076294,1272.5]},"r":{"a":1,"k":[{"o":{"x":0.167,"y":0.167},"i":{"x":0.833,"y":0.833},"s":[0],"t":0},{"o":{"x":0.167,"y":0.167},"i":{"x":0.833,"y":0.833},"s":[0],"t":12},{"s":[45],"t":28}]},"sa":{"a":0,"k":0},"o":{"a":0,"k":100}}]},{"ty":"gr","bm":0,"ln":"Line_5","hd":false,"nm":"Line_5","it":[{"ty":"sh","bm":0,"ln":"Line_5","hd":false,"nm":"Line_5","d":1,"ks":{"a":0,"k":{"c":true,"i":[[0,0],[0,0],[4.440892098500626e-16,1.931702585729],[-1.9329966244077772,0],[0,0],[0,-1.931702585729],[1.931702585728999,0]],"o":[[0,0],[-1.9317025857289996,0],[0,-1.9329966244077774],[0,0],[1.931702585728999,0],[0,1.931702585729],[0,0]],"v":[[53.34,3.5],[0,3.5],[-3.5,4.286263797015736e-16],[-8.649841744773917e-16,-3.5],[53.34,-3.5],[56.84,0],[53.34,3.5]]}}},{"ty":"fl","bm":0,"hd":false,"nm":"Fill","c":{"a":0,"k":[1,0.5686,0.302]},"r":1,"o":{"a":0,"k":100}},{"ty":"tr","a":{"a":0,"k":[26.670000076293945,0]},"s":{"a":0,"k":[100,100]},"sk":{"a":0,"k":0},"p":{"a":1,"k":[{"o":{"x":0.167,"y":0.167},"i":{"x":0.833,"y":0.833},"s":[806.170000076294,1252.5],"t":0},{"s":[806.170000076294,1272.4],"t":12}]},"r":{"a":1,"k":[{"o":{"x":0.167,"y":0.167},"i":{"x":0.833,"y":0.833},"s":[0],"t":0},{"o":{"x":0.167,"y":0.167},"i":{"x":0.833,"y":0.833},"s":[0],"t":12},{"s":[45],"t":28}]},"sa":{"a":0,"k":0},"o":{"a":0,"k":100}}]}],"ind":1}],"v":"5.7.0","fr":30,"op":57,"ip":0,"assets":[]}