{"v":"4.8.0","meta":{"g":"LottieFiles AE 2.0.4","a":"","k":"","d":"","tc":""},"fr":30,"ip":0,"op":150,"w":500,"h":500,"nm":"Character 3","ddd":0,"assets":[],"layers":[{"ddd":0,"ind":2,"ty":4,"nm":"Merged Shape Layer 9","parent":7,"sr":1,"ks":{"o":{"a":0,"k":100,"ix":11},"r":{"a":0,"k":0,"ix":10},"p":{"a":1,"k":[{"i":{"x":0.6,"y":1},"o":{"x":0.4,"y":0},"t":33,"s":[277.135,192.252,0],"to":[1.369,-0.39,0],"ti":[0,0,0]},{"i":{"x":0.6,"y":1},"o":{"x":0.4,"y":0},"t":47,"s":[285.347,189.912,0],"to":[0,0,0],"ti":[0,0,0]},{"i":{"x":0.6,"y":1},"o":{"x":0.4,"y":0},"t":61,"s":[277.135,192.252,0],"to":[0,0,0],"ti":[0,0,0]},{"i":{"x":0.6,"y":1},"o":{"x":0.4,"y":0},"t":75,"s":[285.347,189.912,0],"to":[0,0,0],"ti":[0,0,0]},{"i":{"x":0.6,"y":1},"o":{"x":0.4,"y":0},"t":90,"s":[277.135,192.252,0],"to":[0,0,0],"ti":[0,0,0]},{"i":{"x":0.6,"y":1},"o":{"x":0.4,"y":0},"t":104,"s":[285.347,189.912,0],"to":[0,0,0],"ti":[1.369,-0.39,0]},{"t":118,"s":[277.135,192.252,0]}],"ix":2},"a":{"a":0,"k":[277.135,192.252,0],"ix":1},"s":{"a":0,"k":[100,100,100],"ix":6}},"ao":0,"shapes":[{"ty":"gr","it":[{"ty":"gr","it":[{"ind":0,"ty":"sh","ix":1,"ks":{"a":0,"k":{"i":[[0.626,0.809],[0,0.002],[0.633,-0.113],[-0.371,-0.436],[-0.267,-0.282],[-0.116,-0.305],[-0.059,-0.301],[-0.15,0.478]],"o":[[0,-0.001],[-0.265,-0.51],[-0.613,0.11],[0.249,0.291],[0.236,0.25],[0.054,0.309],[0.074,0.38],[0.284,-0.9]],"v":[[0.649,-1.162],[0.648,-1.167],[-0.8,-2.126],[-1.17,-0.891],[-0.286,-0.141],[0.242,0.692],[0.403,1.613],[1.256,1.761]],"c":true},"ix":2},"nm":"Path 1","mn":"ADBE Vector Shape - Group","hd":false},{"ty":"fl","c":{"a":0,"k":[1,0.31400001049,0.361000001431,1],"ix":4,"x":"var $bm_rt;\ntry {\n    $bm_rt = thisComp.layer('Controller').effect('Color')('ADBE Color Control-0001');\n} catch (e) {\n    $bm_rt = value;\n}"},"o":{"a":0,"k":100,"ix":5},"r":1,"bm":0,"nm":"Fill 1","mn":"ADBE Vector Graphic - Fill","hd":false},{"ty":"tr","p":{"a":0,"k":[74.494,34.697],"ix":2},"a":{"a":0,"k":[0,0],"ix":1},"s":{"a":0,"k":[100,100],"ix":3},"r":{"a":0,"k":0,"ix":6},"o":{"a":0,"k":100,"ix":7},"sk":{"a":0,"k":0,"ix":4},"sa":{"a":0,"k":0,"ix":5},"nm":"Transform"}],"nm":"Group 5","np":2,"cix":2,"bm":0,"ix":1,"mn":"ADBE Vector Group","hd":false},{"ty":"tr","p":{"a":0,"k":[271.717,183.124],"ix":2},"a":{"a":0,"k":[74.49,34.639],"ix":1},"s":{"a":0,"k":[200,200],"ix":3},"r":{"a":0,"k":0,"ix":6},"o":{"a":0,"k":100,"ix":7},"sk":{"a":0,"k":0,"ix":4},"sa":{"a":0,"k":0,"ix":5},"nm":"Transform"}],"nm":"Layer 9 Outlines - Group 5","np":1,"cix":2,"bm":0,"ix":1,"mn":"ADBE Vector Group","hd":false},{"ty":"gr","it":[{"ty":"gr","it":[{"ind":0,"ty":"sh","ix":1,"ks":{"a":0,"k":{"i":[[0.441,0.628],[0.129,-0.078],[0.293,-0.139],[-0.228,0.37],[-0.146,0.168],[-0.035,0.374],[0.56,-0.204],[0.226,-0.298],[0.017,-0.182],[-0.206,0.239],[0.857,0.345],[0.287,-0.383],[0.154,-0.348],[0.038,0.761],[-0.32,0.514],[-0.019,0.249],[0.533,-0.147],[0.223,-0.958],[-1.69,-0.587],[-0.735,0.537]],"o":[[-0.082,-0.116],[-0.276,0.165],[-0.395,0.389],[0.146,-0.167],[0.246,-0.266],[0.052,-0.541],[-0.42,0.155],[-0.063,0.083],[-0.076,-0.343],[0.283,-0.329],[-0.738,-0.297],[-0.239,0.319],[-0.146,0.329],[-0.03,-0.582],[0.139,-0.223],[0.031,-0.434],[-0.982,0.267],[-0.362,1.564],[1.044,0.363],[0.528,-0.386]],"v":[[2.749,0.47],[2.3,0.406],[1.421,0.973],[1.17,1],[1.608,0.497],[2.55,-0.603],[1.472,-1.084],[0.567,-0.262],[0.15,0.374],[1.098,-1.165],[1.61,-2.822],[-0.436,-1.585],[-0.999,-0.585],[-1.198,-0.438],[-0.643,-2.075],[-0.169,-2.808],[-1.028,-3.301],[-2.828,-0.811],[-1.302,3.085],[1.579,2.315]],"c":true},"ix":2},"nm":"Path 1","mn":"ADBE Vector Shape - Group","hd":false},{"ty":"fl","c":{"a":0,"k":[1,0.31400001049,0.361000001431,1],"ix":4,"x":"var $bm_rt;\ntry {\n    $bm_rt = thisComp.layer('Controller')('Effects')('Color')('ADBE Color Control-0001');\n} catch (e) {\n    $bm_rt = value;\n}"},"o":{"a":0,"k":100,"ix":5},"r":1,"bm":0,"nm":"Fill 1","mn":"ADBE Vector Graphic - Fill","hd":false},{"ty":"tr","p":{"a":0,"k":[77.931,35.904],"ix":2},"a":{"a":0,"k":[0,0],"ix":1},"s":{"a":0,"k":[100,100],"ix":3},"r":{"a":0,"k":0,"ix":6},"o":{"a":0,"k":100,"ix":7},"sk":{"a":0,"k":0,"ix":4},"sa":{"a":0,"k":0,"ix":5},"nm":"Transform"}],"nm":"Group 6","np":2,"cix":2,"bm":0,"ix":1,"mn":"ADBE Vector Group","hd":false},{"ty":"tr","p":{"a":0,"k":[278.469,185.502],"ix":2},"a":{"a":0,"k":[77.866,35.828],"ix":1},"s":{"a":0,"k":[200,200],"ix":3},"r":{"a":0,"k":0,"ix":6},"o":{"a":0,"k":100,"ix":7},"sk":{"a":0,"k":0,"ix":4},"sa":{"a":0,"k":0,"ix":5},"nm":"Transform"}],"nm":"Layer 9 Outlines - Group 6","np":1,"cix":2,"bm":0,"ix":2,"mn":"ADBE Vector Group","hd":false}],"ip":0,"op":150,"st":0,"bm":0},{"ddd":0,"ind":3,"ty":4,"nm":"Merged Shape Layer 8","parent":4,"sr":1,"ks":{"o":{"a":0,"k":100,"ix":11},"r":{"a":1,"k":[{"i":{"x":[0.6],"y":[1]},"o":{"x":[0.4],"y":[0]},"t":33,"s":[0]},{"i":{"x":[0.6],"y":[1]},"o":{"x":[0.4],"y":[0]},"t":47,"s":[10]},{"i":{"x":[0.6],"y":[1]},"o":{"x":[0.4],"y":[0]},"t":61,"s":[0]},{"i":{"x":[0.6],"y":[1]},"o":{"x":[0.4],"y":[0]},"t":75,"s":[10]},{"i":{"x":[0.6],"y":[1]},"o":{"x":[0.4],"y":[0]},"t":90,"s":[0]},{"i":{"x":[0.6],"y":[1]},"o":{"x":[0.4],"y":[0]},"t":104,"s":[10]},{"t":118,"s":[0]}],"ix":10},"p":{"a":0,"k":[323.767,231.611,0],"ix":2},"a":{"a":0,"k":[323.767,231.611,0],"ix":1},"s":{"a":0,"k":[100,100,100],"ix":6}},"ao":0,"shapes":[{"ty":"gr","it":[{"ty":"gr","it":[{"ind":0,"ty":"sh","ix":1,"ks":{"a":0,"k":{"i":[[0,0],[0,0],[0,0],[0,0]],"o":[[0,0],[0,0],[0,0],[0,0]],"v":[[-9.49,6.17],[7.903,-8.105],[9.49,-6.171],[-7.902,8.105]],"c":true},"ix":2},"nm":"Path 1","mn":"ADBE Vector Shape - Group","hd":false},{"ty":"fl","c":{"a":0,"k":[0.067000001669,0.698000013828,0.847000002861,1],"ix":4,"x":"var $bm_rt;\ntry {\n    $bm_rt = thisComp.layer('Controller').effect('Color 2')('ADBE Color Control-0001');\n} catch (e) {\n    $bm_rt = value;\n}"},"o":{"a":0,"k":100,"ix":5},"r":1,"bm":0,"nm":"Fill 1","mn":"ADBE Vector Graphic - Fill","hd":false},{"ty":"tr","p":{"a":0,"k":[64.302,20.518],"ix":2},"a":{"a":0,"k":[0,0],"ix":1},"s":{"a":0,"k":[100,100],"ix":3},"r":{"a":0,"k":0,"ix":6},"o":{"a":0,"k":100,"ix":7},"sk":{"a":0,"k":0,"ix":4},"sa":{"a":0,"k":0,"ix":5},"nm":"Transform"}],"nm":"Group 1","np":2,"cix":2,"bm":0,"ix":1,"mn":"ADBE Vector Group","hd":false},{"ty":"tr","p":{"a":0,"k":[251.341,154.883],"ix":2},"a":{"a":0,"k":[64.302,20.518],"ix":1},"s":{"a":0,"k":[200,200],"ix":3},"r":{"a":0,"k":0,"ix":6},"o":{"a":0,"k":100,"ix":7},"sk":{"a":0,"k":0,"ix":4},"sa":{"a":0,"k":0,"ix":5},"nm":"Transform"}],"nm":"Layer 9 Outlines - Group 1","np":1,"cix":2,"bm":0,"ix":1,"mn":"ADBE Vector Group","hd":false},{"ty":"gr","it":[{"ty":"gr","it":[{"ind":0,"ty":"sh","ix":1,"ks":{"a":0,"k":{"i":[[0,0],[0,0],[0,0],[1.002,-0.823],[0,0],[0.823,1.003]],"o":[[0,0],[0,0],[0.822,1.002],[0,0],[-1.003,0.823],[0,0]],"v":[[-10.524,6.807],[8.799,-9.054],[9.702,-7.955],[9.376,-4.65],[-6.318,8.231],[-9.623,7.906]],"c":true},"ix":2},"nm":"Path 1","mn":"ADBE Vector Shape - Group","hd":false},{"ty":"fl","c":{"a":0,"k":[1,0.532999992371,0.532999992371,1],"ix":4,"x":"var $bm_rt;\ntry {\n    $bm_rt = thisComp.layer('Controller').effect('Color 3')('ADBE Color Control-0001');\n} catch (e) {\n    $bm_rt = value;\n}"},"o":{"a":0,"k":100,"ix":5},"r":1,"bm":0,"nm":"Fill 1","mn":"ADBE Vector Graphic - Fill","hd":false},{"ty":"tr","p":{"a":0,"k":[65.959,22.609],"ix":2},"a":{"a":0,"k":[0,0],"ix":1},"s":{"a":0,"k":[100,100],"ix":3},"r":{"a":0,"k":0,"ix":6},"o":{"a":0,"k":100,"ix":7},"sk":{"a":0,"k":0,"ix":4},"sa":{"a":0,"k":0,"ix":5},"nm":"Transform"}],"nm":"Group 2","np":2,"cix":2,"bm":0,"ix":1,"mn":"ADBE Vector Group","hd":false},{"ty":"tr","p":{"a":0,"k":[254.364,158.775],"ix":2},"a":{"a":0,"k":[65.814,22.464],"ix":1},"s":{"a":0,"k":[200,200],"ix":3},"r":{"a":0,"k":0,"ix":6},"o":{"a":0,"k":100,"ix":7},"sk":{"a":0,"k":0,"ix":4},"sa":{"a":0,"k":0,"ix":5},"nm":"Transform"}],"nm":"Layer 9 Outlines - Group 2","np":1,"cix":2,"bm":0,"ix":2,"mn":"ADBE Vector Group","hd":false},{"ty":"gr","it":[{"ty":"gr","it":[{"ind":0,"ty":"sh","ix":1,"ks":{"a":0,"k":{"i":[[0.053,0.064],[0.629,0.197],[-0.221,-0.466],[-0.251,-0.17],[-0.235,-0.133]],"o":[[-0.395,-0.493],[-0.344,-0.107],[0.134,0.283],[0.227,0.153],[0.241,0.137]],"v":[[1.383,0.965],[-0.615,-0.922],[-1.214,-0.501],[-0.521,0.191],[0.141,0.71]],"c":true},"ix":2},"nm":"Path 1","mn":"ADBE Vector Shape - Group","hd":false},{"ty":"fl","c":{"a":0,"k":[1,0.31400001049,0.361000001431,1],"ix":4,"x":"var $bm_rt;\ntry {\n    $bm_rt = thisComp.layer('Controller')('Effects')('Color')('ADBE Color Control-0001');\n} catch (e) {\n    $bm_rt = value;\n}"},"o":{"a":0,"k":100,"ix":5},"r":1,"bm":0,"nm":"Fill 1","mn":"ADBE Vector Graphic - Fill","hd":false},{"ty":"tr","p":{"a":0,"k":[98.227,56.129],"ix":2},"a":{"a":0,"k":[0,0],"ix":1},"s":{"a":0,"k":[100,100],"ix":3},"r":{"a":0,"k":0,"ix":6},"o":{"a":0,"k":100,"ix":7},"sk":{"a":0,"k":0,"ix":4},"sa":{"a":0,"k":0,"ix":5},"nm":"Transform"}],"nm":"Group 7","np":2,"cix":2,"bm":0,"ix":1,"mn":"ADBE Vector Group","hd":false},{"ty":"tr","p":{"a":0,"k":[319.303,226.115],"ix":2},"a":{"a":0,"k":[98.284,56.134],"ix":1},"s":{"a":0,"k":[200,200],"ix":3},"r":{"a":0,"k":0,"ix":6},"o":{"a":0,"k":100,"ix":7},"sk":{"a":0,"k":0,"ix":4},"sa":{"a":0,"k":0,"ix":5},"nm":"Transform"}],"nm":"Layer 9 Outlines - Group 7","np":1,"cix":2,"bm":0,"ix":3,"mn":"ADBE Vector Group","hd":false},{"ty":"gr","it":[{"ty":"gr","it":[{"ind":0,"ty":"sh","ix":1,"ks":{"a":0,"k":{"i":[[0.645,0.247],[1.297,-1.275],[-0.75,0.282],[2.206,-0.678],[-0.102,-0.333],[-0.707,0.213],[0.175,-0.307],[-0.177,-0.157],[-0.973,-0.421],[-0.667,0.101],[-0.363,0.529]],"o":[[-1.525,-0.584],[-0.625,0.615],[1.447,-0.543],[-0.446,0.137],[0.219,0.705],[0.631,0.123],[-0.793,1.389],[0.495,0.435],[0.731,0.316],[0.546,-0.083],[0.808,-1.181]],"v":[[1.607,-2.294],[-3.676,-1.803],[-3.161,-1.056],[-2.757,-0.85],[-3.952,0.122],[-1.503,-0.08],[-2.622,1.119],[-0.271,1.303],[-0.952,2.762],[2.156,1.62],[3.494,1.328]],"c":true},"ix":2},"nm":"Path 1","mn":"ADBE Vector Shape - Group","hd":false},{"ty":"fl","c":{"a":0,"k":[1,0.31400001049,0.361000001431,1],"ix":4,"x":"var $bm_rt;\ntry {\n    $bm_rt = thisComp.layer('Controller')('Effects')('Color')('ADBE Color Control-0001');\n} catch (e) {\n    $bm_rt = value;\n}"},"o":{"a":0,"k":100,"ix":5},"r":1,"bm":0,"nm":"Fill 1","mn":"ADBE Vector Graphic - Fill","hd":false},{"ty":"tr","p":{"a":0,"k":[97.42,58.974],"ix":2},"a":{"a":0,"k":[0,0],"ix":1},"s":{"a":0,"k":[100,100],"ix":3},"r":{"a":0,"k":0,"ix":6},"o":{"a":0,"k":100,"ix":7},"sk":{"a":0,"k":0,"ix":4},"sa":{"a":0,"k":0,"ix":5},"nm":"Transform"}],"nm":"Group 8","np":2,"cix":2,"bm":0,"ix":1,"mn":"ADBE Vector Group","hd":false},{"ty":"tr","p":{"a":0,"k":[317.267,231.855],"ix":2},"a":{"a":0,"k":[97.266,59.004],"ix":1},"s":{"a":0,"k":[200,200],"ix":3},"r":{"a":0,"k":0,"ix":6},"o":{"a":0,"k":100,"ix":7},"sk":{"a":0,"k":0,"ix":4},"sa":{"a":0,"k":0,"ix":5},"nm":"Transform"}],"nm":"Layer 9 Outlines - Group 8","np":1,"cix":2,"bm":0,"ix":4,"mn":"ADBE Vector Group","hd":false},{"ty":"gr","it":[{"ty":"gr","it":[{"ind":0,"ty":"sh","ix":1,"ks":{"a":0,"k":{"i":[[-0.61,0.481],[0,0],[0.481,0.61],[0,0],[0.611,-0.481],[0,0],[-0.481,-0.611],[0,0]],"o":[[0,0],[0.61,-0.481],[0,0],[-0.481,-0.611],[0,0],[-0.611,0.481],[0,0],[0.482,0.611]],"v":[[1.957,3.958],[3.392,2.827],[3.626,0.85],[0.02,-3.724],[-1.958,-3.958],[-3.392,-2.827],[-3.626,-0.85],[-0.021,3.724]],"c":true},"ix":2},"nm":"Path 1","mn":"ADBE Vector Shape - Group","hd":false},{"ty":"fl","c":{"a":0,"k":[0.898000001907,0.340999990702,0.451000005007,1],"ix":4,"x":"var $bm_rt;\ntry {\n    $bm_rt = thisComp.layer('Controller').effect('Color 4')('ADBE Color Control-0001');\n} catch (e) {\n    $bm_rt = value;\n}"},"o":{"a":0,"k":100,"ix":5},"r":1,"bm":0,"nm":"Fill 1","mn":"ADBE Vector Graphic - Fill","hd":false},{"ty":"tr","p":{"a":0,"k":[70.141,26.459],"ix":2},"a":{"a":0,"k":[0,0],"ix":1},"s":{"a":0,"k":[100,100],"ix":3},"r":{"a":0,"k":0,"ix":6},"o":{"a":0,"k":100,"ix":7},"sk":{"a":0,"k":0,"ix":4},"sa":{"a":0,"k":0,"ix":5},"nm":"Transform"}],"nm":"Group 9","np":2,"cix":2,"bm":0,"ix":1,"mn":"ADBE Vector Group","hd":false},{"ty":"tr","p":{"a":0,"k":[263.017,166.764],"ix":2},"a":{"a":0,"k":[70.14,26.459],"ix":1},"s":{"a":0,"k":[200,200],"ix":3},"r":{"a":0,"k":0,"ix":6},"o":{"a":0,"k":100,"ix":7},"sk":{"a":0,"k":0,"ix":4},"sa":{"a":0,"k":0,"ix":5},"nm":"Transform"}],"nm":"Layer 9 Outlines - Group 9","np":1,"cix":2,"bm":0,"ix":5,"mn":"ADBE Vector Group","hd":false},{"ty":"gr","it":[{"ty":"gr","it":[{"ind":0,"ty":"sh","ix":1,"ks":{"a":0,"k":{"i":[[0,0],[0,0],[0.014,0.962],[0,0],[0,0]],"o":[[0,0],[0.932,0.237],[0,0],[0,0],[0,0]],"v":[[16.807,23.083],[16.807,23.083],[18.628,21.646],[-16.82,-23.321],[-18.643,-21.883]],"c":true},"ix":2},"nm":"Path 1","mn":"ADBE Vector Shape - Group","hd":false},{"ty":"fl","c":{"a":0,"k":[1,0.532999992371,0.532999992371,1],"ix":4,"x":"var $bm_rt;\ntry {\n    $bm_rt = thisComp.layer('Controller')('Effects')('Color 3')('ADBE Color Control-0001');\n} catch (e) {\n    $bm_rt = value;\n}"},"o":{"a":0,"k":100,"ix":5},"r":1,"bm":0,"nm":"Fill 1","mn":"ADBE Vector Graphic - Fill","hd":false},{"ty":"tr","p":{"a":0,"k":[88.59,49.972],"ix":2},"a":{"a":0,"k":[0,0],"ix":1},"s":{"a":0,"k":[100,100],"ix":3},"r":{"a":0,"k":0,"ix":6},"o":{"a":0,"k":100,"ix":7},"sk":{"a":0,"k":0,"ix":4},"sa":{"a":0,"k":0,"ix":5},"nm":"Transform"}],"nm":"Group 10","np":2,"cix":2,"bm":0,"ix":1,"mn":"ADBE Vector Group","hd":false},{"ty":"tr","p":{"a":0,"k":[299.902,213.599],"ix":2},"a":{"a":0,"k":[88.583,49.876],"ix":1},"s":{"a":0,"k":[200,200],"ix":3},"r":{"a":0,"k":0,"ix":6},"o":{"a":0,"k":100,"ix":7},"sk":{"a":0,"k":0,"ix":4},"sa":{"a":0,"k":0,"ix":5},"nm":"Transform"}],"nm":"Layer 9 Outlines - Group 10","np":1,"cix":2,"bm":0,"ix":6,"mn":"ADBE Vector Group","hd":false}],"ip":0,"op":150,"st":0,"bm":0},{"ddd":0,"ind":4,"ty":4,"nm":"Merged Shape Layer 7","parent":6,"sr":1,"ks":{"o":{"a":0,"k":100,"ix":11},"r":{"a":1,"k":[{"i":{"x":[0.6],"y":[1]},"o":{"x":[0.4],"y":[0]},"t":14,"s":[0]},{"i":{"x":[0.6],"y":[1]},"o":{"x":[0.4],"y":[0]},"t":33,"s":[16]},{"i":{"x":[0.6],"y":[1]},"o":{"x":[0.4],"y":[0]},"t":47,"s":[0]},{"i":{"x":[0.6],"y":[1]},"o":{"x":[0.4],"y":[0]},"t":61,"s":[16]},{"i":{"x":[0.6],"y":[1]},"o":{"x":[0.4],"y":[0]},"t":75,"s":[0]},{"i":{"x":[0.6],"y":[1]},"o":{"x":[0.4],"y":[0]},"t":90,"s":[16]},{"i":{"x":[0.6],"y":[1]},"o":{"x":[0.4],"y":[0]},"t":104,"s":[0]},{"i":{"x":[0.6],"y":[1]},"o":{"x":[0.4],"y":[0]},"t":118,"s":[16]},{"t":137,"s":[0]}],"ix":10},"p":{"a":0,"k":[345.259,177.723,0],"ix":2},"a":{"a":0,"k":[345.259,177.723,0],"ix":1},"s":{"a":0,"k":[100,100,100],"ix":6}},"ao":0,"shapes":[{"ty":"gr","it":[{"ty":"gr","it":[{"ind":0,"ty":"sh","ix":1,"ks":{"a":0,"k":{"i":[[4.921,-0.527],[-0.002,4.747],[-2.718,0.194],[-3.151,-5.215]],"o":[[-0.642,-0.842],[0,-2.16],[4.356,-0.312],[-2.411,3.731]],"v":[[-2.711,9.418],[-7.765,-1.863],[-4.393,-9.106],[7.768,2.781]],"c":true},"ix":2},"nm":"Path 1","mn":"ADBE Vector Shape - Group","hd":false},{"ty":"fl","c":{"a":0,"k":[0.20000000298,0.105999998748,0.423999994993,1],"ix":4,"x":"var $bm_rt;\ntry {\n    $bm_rt = thisComp.layer('Controller').effect('Color 5')('ADBE Color Control-0001');\n} catch (e) {\n    $bm_rt = value;\n}"},"o":{"a":0,"k":100,"ix":5},"r":1,"bm":0,"nm":"Fill 1","mn":"ADBE Vector Graphic - Fill","hd":false},{"ty":"tr","p":{"a":0,"k":[115.993,40.395],"ix":2},"a":{"a":0,"k":[0,0],"ix":1},"s":{"a":0,"k":[100,100],"ix":3},"r":{"a":0,"k":0,"ix":6},"o":{"a":0,"k":100,"ix":7},"sk":{"a":0,"k":0,"ix":4},"sa":{"a":0,"k":0,"ix":5},"nm":"Transform"}],"nm":"Group 3","np":2,"cix":2,"bm":0,"ix":1,"mn":"ADBE Vector Group","hd":false},{"ty":"tr","p":{"a":0,"k":[354.723,194.939],"ix":2},"a":{"a":0,"k":[115.994,40.546],"ix":1},"s":{"a":0,"k":[200,200],"ix":3},"r":{"a":0,"k":0,"ix":6},"o":{"a":0,"k":100,"ix":7},"sk":{"a":0,"k":0,"ix":4},"sa":{"a":0,"k":0,"ix":5},"nm":"Transform"}],"nm":"Layer 9 Outlines - Group 3","np":1,"cix":2,"bm":0,"ix":1,"mn":"ADBE Vector Group","hd":false},{"ty":"gr","it":[{"ty":"gr","it":[{"ind":0,"ty":"sh","ix":1,"ks":{"a":0,"k":{"i":[[5.291,6.26],[0.018,0.027],[-0.09,-1.525],[-0.17,-0.027],[0.116,-4.17],[3.103,-0.395],[2.126,0.278],[1.892,0.394],[1.264,-0.242],[0.099,-0.224],[-6.771,1.507]],"o":[[-0.019,-0.027],[-1.041,-0.08],[0.018,0.233],[1.731,3.758],[-0.072,2.78],[-2.135,0.269],[-1.91,-0.242],[-1.283,-0.26],[-0.449,0.08],[4.314,2],[6.6,-1.471]],"v":[[7.646,-11.538],[7.583,-11.61],[5.772,-9.726],[6.112,-9.341],[8.677,2.371],[4.471,8.129],[-2.067,7.797],[-7.779,6.811],[-12.326,5.878],[-13.125,6.362],[6.525,10.183]],"c":true},"ix":2},"nm":"Path 1","mn":"ADBE Vector Shape - Group","hd":false},{"ty":"fl","c":{"a":0,"k":[0.987999975681,0.234999999404,0.298000007868,1],"ix":4,"x":"var $bm_rt;\ntry {\n    $bm_rt = thisComp.layer('Controller').effect('Color 6')('ADBE Color Control-0001');\n} catch (e) {\n    $bm_rt = value;\n}"},"o":{"a":0,"k":100,"ix":5},"r":1,"bm":0,"nm":"Fill 1","mn":"ADBE Vector Graphic - Fill","hd":false},{"ty":"tr","p":{"a":0,"k":[115.462,55.285],"ix":2},"a":{"a":0,"k":[0,0],"ix":1},"s":{"a":0,"k":[100,100],"ix":3},"r":{"a":0,"k":0,"ix":6},"o":{"a":0,"k":100,"ix":7},"sk":{"a":0,"k":0,"ix":4},"sa":{"a":0,"k":0,"ix":5},"nm":"Transform"}],"nm":"Group 4","np":2,"cix":2,"bm":0,"ix":1,"mn":"ADBE Vector Group","hd":false},{"ty":"tr","p":{"a":0,"k":[352.087,223.36],"ix":2},"a":{"a":0,"k":[114.676,54.757],"ix":1},"s":{"a":0,"k":[200,200],"ix":3},"r":{"a":0,"k":0,"ix":6},"o":{"a":0,"k":100,"ix":7},"sk":{"a":0,"k":0,"ix":4},"sa":{"a":0,"k":0,"ix":5},"nm":"Transform"}],"nm":"Layer 9 Outlines - Group 4","np":1,"cix":2,"bm":0,"ix":2,"mn":"ADBE Vector Group","hd":false},{"ty":"gr","it":[{"ty":"gr","it":[{"ind":0,"ty":"sh","ix":1,"ks":{"a":0,"k":{"i":[[6.601,-1.471],[4.313,2],[0,0],[0,0],[-5.318,0.296],[-0.457,0.279],[1.848,1.776],[-0.555,1.515],[-1.74,-1.417],[-4.188,-4.977],[-0.018,-0.027]],"o":[[-6.771,1.507],[-1.705,-0.799],[-0.081,-0.287],[0.377,-0.08],[1.157,-0.072],[0.601,-0.367],[-0.825,-0.79],[0.772,-2.108],[3.345,2.726],[0.018,0.027],[5.291,6.26]],"v":[[8.314,15.425],[-11.335,11.605],[-14.08,10.214],[-14.915,6.698],[1.713,7.883],[4.223,7.371],[0.485,-0.054],[-5.04,-14.152],[0.135,-15.515],[9.372,-6.368],[9.434,-6.296]],"c":true},"ix":2},"nm":"Path 1","mn":"ADBE Vector Shape - Group","hd":false},{"ty":"fl","c":{"a":0,"k":[1,0.31400001049,0.361000001431,1],"ix":4,"x":"var $bm_rt;\ntry {\n    $bm_rt = thisComp.layer('Controller')('Effects')('Color')('ADBE Color Control-0001');\n} catch (e) {\n    $bm_rt = value;\n}"},"o":{"a":0,"k":100,"ix":5},"r":1,"bm":0,"nm":"Fill 1","mn":"ADBE Vector Graphic - Fill","hd":false},{"ty":"tr","p":{"a":0,"k":[113.674,50.042],"ix":2},"a":{"a":0,"k":[0,0],"ix":1},"s":{"a":0,"k":[100,100],"ix":3},"r":{"a":0,"k":0,"ix":6},"o":{"a":0,"k":100,"ix":7},"sk":{"a":0,"k":0,"ix":4},"sa":{"a":0,"k":0,"ix":5},"nm":"Transform"}],"nm":"Group 11","np":2,"cix":2,"bm":0,"ix":1,"mn":"ADBE Vector Group","hd":false},{"ty":"tr","p":{"a":0,"k":[348.509,213.473],"ix":2},"a":{"a":0,"k":[112.887,49.813],"ix":1},"s":{"a":0,"k":[200,200],"ix":3},"r":{"a":0,"k":0,"ix":6},"o":{"a":0,"k":100,"ix":7},"sk":{"a":0,"k":0,"ix":4},"sa":{"a":0,"k":0,"ix":5},"nm":"Transform"}],"nm":"Layer 9 Outlines - Group 11","np":1,"cix":2,"bm":0,"ix":3,"mn":"ADBE Vector Group","hd":false}],"ip":0,"op":150,"st":0,"bm":0},{"ddd":0,"ind":5,"ty":4,"nm":"Merged Shape Layer 6","parent":6,"sr":1,"ks":{"o":{"a":0,"k":100,"ix":11},"r":{"a":0,"k":0,"ix":10},"p":{"a":0,"k":[333.334,168.396,0],"ix":2},"a":{"a":0,"k":[333.334,168.396,0],"ix":1},"s":{"a":0,"k":[100,100,100],"ix":6}},"ao":0,"shapes":[{"ty":"gr","it":[{"ty":"gr","it":[{"ind":0,"ty":"sh","ix":1,"ks":{"a":0,"k":{"i":[[-0.281,0.406],[-0.24,-0.968],[0.466,0.177]],"o":[[0,0],[0.24,0.969],[-0.466,-0.177]],"v":[[-0.703,-0.693],[0.744,-0.287],[-0.362,1.078]],"c":true},"ix":2},"nm":"Path 1","mn":"ADBE Vector Shape - Group","hd":false},{"ty":"fl","c":{"a":0,"k":[1,0.31400001049,0.361000001431,1],"ix":4,"x":"var $bm_rt;\ntry {\n    $bm_rt = thisComp.layer('Controller')('Effects')('Color')('ADBE Color Control-0001');\n} catch (e) {\n    $bm_rt = value;\n}"},"o":{"a":0,"k":100,"ix":5},"r":1,"bm":0,"nm":"Fill 1","mn":"ADBE Vector Graphic - Fill","hd":false},{"ty":"tr","p":{"a":0,"k":[105.393,23.732],"ix":2},"a":{"a":0,"k":[0,0],"ix":1},"s":{"a":0,"k":[100,100],"ix":3},"r":{"a":0,"k":0,"ix":6},"o":{"a":0,"k":100,"ix":7},"sk":{"a":0,"k":0,"ix":4},"sa":{"a":0,"k":0,"ix":5},"nm":"Transform"}],"nm":"Group 12","np":2,"cix":2,"bm":0,"ix":1,"mn":"ADBE Vector Group","hd":false},{"ty":"tr","p":{"a":0,"k":[333.464,161.565],"ix":2},"a":{"a":0,"k":[105.364,23.859],"ix":1},"s":{"a":0,"k":[200,200],"ix":3},"r":{"a":0,"k":0,"ix":6},"o":{"a":0,"k":100,"ix":7},"sk":{"a":0,"k":0,"ix":4},"sa":{"a":0,"k":0,"ix":5},"nm":"Transform"}],"nm":"Layer 9 Outlines - Group 12","np":1,"cix":2,"bm":0,"ix":1,"mn":"ADBE Vector Group","hd":false},{"ty":"gr","it":[{"ty":"gr","it":[{"ind":0,"ty":"sh","ix":1,"ks":{"a":0,"k":{"i":[[-0.386,0.237],[-1.645,-3.4],[0.941,-1.435],[0.744,1.493],[-0.091,1.22],[0.047,0.343],[0.903,0.006],[1.125,1.665]],"o":[[2.466,-1.518],[0.731,1.514],[-0.738,1.126],[-0.569,-1.141],[0.033,-0.448],[-0.591,-0.806],[-0.228,0.229],[-2.859,-4.23]],"v":[[-1.547,-4.179],[6.293,-2.13],[5.017,3.649],[2.146,4.204],[1.763,0.781],[1.762,-0.39],[-0.536,-1.768],[-4.165,-0.739]],"c":true},"ix":2},"nm":"Path 1","mn":"ADBE Vector Shape - Group","hd":false},{"ty":"fl","c":{"a":0,"k":[0.195999994874,0.093000002205,0.486999988556,1],"ix":4,"x":"var $bm_rt;\ntry {\n    $bm_rt = thisComp.layer('Controller').effect('Color 7')('ADBE Color Control-0001');\n} catch (e) {\n    $bm_rt = value;\n}"},"o":{"a":0,"k":100,"ix":5},"r":1,"bm":0,"nm":"Fill 1","mn":"ADBE Vector Graphic - Fill","hd":false},{"ty":"tr","p":{"a":0,"k":[103.22,21.949],"ix":2},"a":{"a":0,"k":[0,0],"ix":1},"s":{"a":0,"k":[100,100],"ix":3},"r":{"a":0,"k":0,"ix":6},"o":{"a":0,"k":100,"ix":7},"sk":{"a":0,"k":0,"ix":4},"sa":{"a":0,"k":0,"ix":5},"nm":"Transform"}],"nm":"Group 13","np":2,"cix":2,"bm":0,"ix":1,"mn":"ADBE Vector Group","hd":false},{"ty":"tr","p":{"a":0,"k":[330.68,157.632],"ix":2},"a":{"a":0,"k":[103.972,21.893],"ix":1},"s":{"a":0,"k":[200,200],"ix":3},"r":{"a":0,"k":0,"ix":6},"o":{"a":0,"k":100,"ix":7},"sk":{"a":0,"k":0,"ix":4},"sa":{"a":0,"k":0,"ix":5},"nm":"Transform"}],"nm":"Layer 9 Outlines - Group 13","np":1,"cix":2,"bm":0,"ix":2,"mn":"ADBE Vector Group","hd":false},{"ty":"gr","it":[{"ty":"gr","it":[{"ind":0,"ty":"sh","ix":1,"ks":{"a":0,"k":{"i":[[0,0],[0.375,-2.833],[-3,2.833],[0,0]],"o":[[0,0],[-0.267,2.012],[3,-2.834],[0,0]],"v":[[-2.7,-5.271],[-4.575,0.604],[1.842,2.438],[4.009,-4.729]],"c":true},"ix":2},"nm":"Path 1","mn":"ADBE Vector Shape - Group","hd":false},{"ty":"fl","c":{"a":0,"k":[1,0.31400001049,0.361000001431,1],"ix":4,"x":"var $bm_rt;\ntry {\n    $bm_rt = thisComp.layer('Controller')('Effects')('Color')('ADBE Color Control-0001');\n} catch (e) {\n    $bm_rt = value;\n}"},"o":{"a":0,"k":100,"ix":5},"r":1,"bm":0,"nm":"Fill 1","mn":"ADBE Vector Graphic - Fill","hd":false},{"ty":"tr","p":{"a":0,"k":[103.422,25.091],"ix":2},"a":{"a":0,"k":[0,0],"ix":1},"s":{"a":0,"k":[100,100],"ix":3},"r":{"a":0,"k":0,"ix":6},"o":{"a":0,"k":100,"ix":7},"sk":{"a":0,"k":0,"ix":4},"sa":{"a":0,"k":0,"ix":5},"nm":"Transform"}],"nm":"Group 14","np":2,"cix":2,"bm":0,"ix":1,"mn":"ADBE Vector Group","hd":false},{"ty":"tr","p":{"a":0,"k":[329.106,162.431],"ix":2},"a":{"a":0,"k":[103.185,24.292],"ix":1},"s":{"a":0,"k":[200,200],"ix":3},"r":{"a":0,"k":0,"ix":6},"o":{"a":0,"k":100,"ix":7},"sk":{"a":0,"k":0,"ix":4},"sa":{"a":0,"k":0,"ix":5},"nm":"Transform"}],"nm":"Layer 9 Outlines - Group 14","np":1,"cix":2,"bm":0,"ix":3,"mn":"ADBE Vector Group","hd":false},{"ty":"gr","it":[{"ty":"gr","it":[{"ind":0,"ty":"sh","ix":1,"ks":{"a":0,"k":{"i":[[-0.046,-0.102],[-0.005,-0.049],[-0.44,-1.987],[-0.597,-1.881],[-2.635,-0.137],[-1.546,1.99],[2.014,0.469],[-0.121,-0.401],[0.677,0.875],[0.185,1.056],[0.143,1.429],[1.613,1.324],[1.045,-2.712]],"o":[[-0.006,0.043],[0.229,1.991],[0.425,1.919],[0.782,2.465],[2.262,0.118],[0.997,-1.281],[-0.317,-0.074],[0.749,2.484],[-0.67,-0.866],[-0.248,-1.417],[-0.191,-1.915],[-2.817,-2.313],[-0.053,0.136]],"v":[[-8.49,-4.873],[-8.503,-4.739],[-6.509,0.975],[-5.417,6.774],[-0.482,10.93],[7.217,9.076],[6.536,4.222],[5.875,4.775],[2.807,4.451],[1.674,1.407],[1.339,-2.9],[-0.688,-8.752],[-8.497,-5.23]],"c":true},"ix":2},"nm":"Path 1","mn":"ADBE Vector Shape - Group","hd":false},{"ty":"fl","c":{"a":0,"k":[0.195999994874,0.093000002205,0.486999988556,1],"ix":4,"x":"var $bm_rt;\ntry {\n    $bm_rt = thisComp.layer('Controller')('Effects')('Color 7')('ADBE Color Control-0001');\n} catch (e) {\n    $bm_rt = value;\n}"},"o":{"a":0,"k":100,"ix":5},"r":1,"bm":0,"nm":"Fill 1","mn":"ADBE Vector Graphic - Fill","hd":false},{"ty":"tr","p":{"a":0,"k":[116.401,27.22],"ix":2},"a":{"a":0,"k":[0,0],"ix":1},"s":{"a":0,"k":[100,100],"ix":3},"r":{"a":0,"k":0,"ix":6},"o":{"a":0,"k":100,"ix":7},"sk":{"a":0,"k":0,"ix":4},"sa":{"a":0,"k":0,"ix":5},"nm":"Transform"}],"nm":"Group 20","np":2,"cix":2,"bm":0,"ix":1,"mn":"ADBE Vector Group","hd":false},{"ty":"tr","p":{"a":0,"k":[355.016,169.701],"ix":2},"a":{"a":0,"k":[116.14,27.927],"ix":1},"s":{"a":0,"k":[200,200],"ix":3},"r":{"a":0,"k":0,"ix":6},"o":{"a":0,"k":100,"ix":7},"sk":{"a":0,"k":0,"ix":4},"sa":{"a":0,"k":0,"ix":5},"nm":"Transform"}],"nm":"Layer 9 Outlines - Group 20","np":1,"cix":2,"bm":0,"ix":4,"mn":"ADBE Vector Group","hd":false}],"ip":0,"op":150,"st":0,"bm":0},{"ddd":0,"ind":6,"ty":4,"nm":"Merged Shape Layer 5","parent":10,"sr":1,"ks":{"o":{"a":0,"k":100,"ix":11},"r":{"a":1,"k":[{"i":{"x":[0.6],"y":[1]},"o":{"x":[0.4],"y":[0]},"t":9,"s":[0]},{"i":{"x":[0.6],"y":[1]},"o":{"x":[0.4],"y":[0]},"t":25,"s":[-4]},{"i":{"x":[0.6],"y":[1]},"o":{"x":[0.4],"y":[0]},"t":113,"s":[-4]},{"t":131,"s":[0]}],"ix":10},"p":{"a":0,"k":[346.052,238.965,0],"ix":2},"a":{"a":0,"k":[343.552,238.965,0],"ix":1},"s":{"a":0,"k":[100,100,100],"ix":6}},"ao":0,"shapes":[{"ty":"gr","it":[{"ty":"gr","it":[{"ind":0,"ty":"sh","ix":1,"ks":{"a":0,"k":{"i":[[-1.662,1.109],[0,0],[2,-0.113]],"o":[[0,0],[0,0],[0,0]],"v":[[2.036,0.521],[2.036,-1.63],[-2.036,0.461]],"c":true},"ix":2},"nm":"Path 1","mn":"ADBE Vector Shape - Group","hd":false},{"ty":"fl","c":{"a":0,"k":[0.987999975681,0.234999999404,0.298000007868,1],"ix":4,"x":"var $bm_rt;\ntry {\n    $bm_rt = thisComp.layer('Controller')('Effects')('Color 6')('ADBE Color Control-0001');\n} catch (e) {\n    $bm_rt = value;\n}"},"o":{"a":0,"k":100,"ix":5},"r":1,"bm":0,"nm":"Fill 1","mn":"ADBE Vector Graphic - Fill","hd":false},{"ty":"tr","p":{"a":0,"k":[103.758,28.243],"ix":2},"a":{"a":0,"k":[0,0],"ix":1},"s":{"a":0,"k":[100,100],"ix":3},"r":{"a":0,"k":0,"ix":6},"o":{"a":0,"k":100,"ix":7},"sk":{"a":0,"k":0,"ix":4},"sa":{"a":0,"k":0,"ix":5},"nm":"Transform"}],"nm":"Group 15","np":2,"cix":2,"bm":0,"ix":1,"mn":"ADBE Vector Group","hd":false},{"ty":"tr","p":{"a":0,"k":[330.252,169.701],"ix":2},"a":{"a":0,"k":[103.758,27.927],"ix":1},"s":{"a":0,"k":[200,200],"ix":3},"r":{"a":0,"k":0,"ix":6},"o":{"a":0,"k":100,"ix":7},"sk":{"a":0,"k":0,"ix":4},"sa":{"a":0,"k":0,"ix":5},"nm":"Transform"}],"nm":"Layer 9 Outlines - Group 15","np":1,"cix":2,"bm":0,"ix":1,"mn":"ADBE Vector Group","hd":false},{"ty":"gr","it":[{"ty":"gr","it":[{"ind":0,"ty":"sh","ix":1,"ks":{"a":0,"k":{"i":[[0,0],[0,0],[-0.758,-0.152],[0,0],[0,0]],"o":[[0,0],[0,0],[1.667,0.333],[0,0],[0,0]],"v":[[-1.657,-1.505],[-1.657,1.315],[-1.657,2.858],[2.415,0.592],[2.415,-3.191]],"c":true},"ix":2},"nm":"Path 1","mn":"ADBE Vector Shape - Group","hd":false},{"ty":"fl","c":{"a":0,"k":[1,0.31400001049,0.361000001431,1],"ix":4,"x":"var $bm_rt;\ntry {\n    $bm_rt = thisComp.layer('Controller')('Effects')('Color')('ADBE Color Control-0001');\n} catch (e) {\n    $bm_rt = value;\n}"},"o":{"a":0,"k":100,"ix":5},"r":1,"bm":0,"nm":"Fill 1","mn":"ADBE Vector Graphic - Fill","hd":false},{"ty":"tr","p":{"a":0,"k":[103.379,29.554],"ix":2},"a":{"a":0,"k":[0,0],"ix":1},"s":{"a":0,"k":[100,100],"ix":3},"r":{"a":0,"k":0,"ix":6},"o":{"a":0,"k":100,"ix":7},"sk":{"a":0,"k":0,"ix":4},"sa":{"a":0,"k":0,"ix":5},"nm":"Transform"}],"nm":"Group 16","np":2,"cix":2,"bm":0,"ix":1,"mn":"ADBE Vector Group","hd":false},{"ty":"tr","p":{"a":0,"k":[329.914,172.651],"ix":2},"a":{"a":0,"k":[103.589,29.402],"ix":1},"s":{"a":0,"k":[200,200],"ix":3},"r":{"a":0,"k":0,"ix":6},"o":{"a":0,"k":100,"ix":7},"sk":{"a":0,"k":0,"ix":4},"sa":{"a":0,"k":0,"ix":5},"nm":"Transform"}],"nm":"Layer 9 Outlines - Group 16","np":1,"cix":2,"bm":0,"ix":2,"mn":"ADBE Vector Group","hd":false},{"ty":"gr","it":[{"ty":"gr","it":[{"ind":0,"ty":"sh","ix":1,"ks":{"a":0,"k":{"i":[[-0.662,-2.249],[-1.35,-1.021],[-0.04,0.33],[-0.141,0.69],[1.099,1.02],[0,0]],"o":[[0.625,2.125],[0.01,-0.33],[0.08,-0.649],[-0.431,-0.81],[-2.901,-2.741],[-4.675,2.361]],"v":[[-1.273,3.653],[4.053,10.166],[3.777,6.303],[4.117,4.294],[1.907,1.503],[0.558,-10.166]],"c":true},"ix":2},"nm":"Path 1","mn":"ADBE Vector Shape - Group","hd":false},{"ty":"fl","c":{"a":0,"k":[0.122000001371,0.050999999046,0.321999996901,1],"ix":4,"x":"var $bm_rt;\ntry {\n    $bm_rt = thisComp.layer('Controller').effect('Color 8')('ADBE Color Control-0001');\n} catch (e) {\n    $bm_rt = value;\n}"},"o":{"a":0,"k":100,"ix":5},"r":1,"bm":0,"nm":"Fill 1","mn":"ADBE Vector Graphic - Fill","hd":false},{"ty":"tr","p":{"a":0,"k":[109.911,41.884],"ix":2},"a":{"a":0,"k":[0,0],"ix":1},"s":{"a":0,"k":[100,100],"ix":3},"r":{"a":0,"k":0,"ix":6},"o":{"a":0,"k":100,"ix":7},"sk":{"a":0,"k":0,"ix":4},"sa":{"a":0,"k":0,"ix":5},"nm":"Transform"}],"nm":"Group 17","np":2,"cix":2,"bm":0,"ix":1,"mn":"ADBE Vector Group","hd":false},{"ty":"tr","p":{"a":0,"k":[344.313,197.615],"ix":2},"a":{"a":0,"k":[110.789,41.884],"ix":1},"s":{"a":0,"k":[200,200],"ix":3},"r":{"a":0,"k":0,"ix":6},"o":{"a":0,"k":100,"ix":7},"sk":{"a":0,"k":0,"ix":4},"sa":{"a":0,"k":0,"ix":5},"nm":"Transform"}],"nm":"Layer 9 Outlines - Group 17","np":1,"cix":2,"bm":0,"ix":3,"mn":"ADBE Vector Group","hd":false},{"ty":"gr","it":[{"ty":"gr","it":[{"ind":0,"ty":"sh","ix":1,"ks":{"a":0,"k":{"i":[[0,0],[0,0],[-2.62,-0.569],[-4.521,-0.05],[-2.581,0.571],[-0.231,0.061],[-0.14,0.04],[-0.229,0.07],[-0.33,0.12],[-0.03,0.01],[-0.34,0.15],[-0.07,0.03],[0.391,0.66],[0.101,0.181],[0.269,0.48],[0.109,0.2],[0,0],[0.14,0.27],[0.21,0.479],[0,0],[-0.03,0.83],[-0.04,0.329],[-0.139,0.69],[6.989,2.199],[1.18,0.109],[0,0],[1.689,-0.1],[2.441,-1.23],[0.53,-0.31],[0.309,-0.2],[-0.089,-2.16],[-0.799,-1.01],[-0.49,-0.65],[0.899,-2.139],[0.06,-0.11],[0.06,-0.119],[0.46,-1],[0.21,-0.481],[0.529,-1.33],[0.08,-0.19],[0.021,-0.051],[0.08,-0.21],[0.129,-0.34]],"o":[[0,0],[0.229,0.07],[3.1,0.671],[2.66,0.04],[0.24,-0.049],[0.139,-0.029],[0.24,-0.06],[0.33,-0.1],[0.021,-0.01],[0.34,-0.12],[0.069,-0.03],[-0.28,-0.54],[-0.1,-0.17],[-0.259,-0.439],[-0.111,-0.2],[0,0],[-0.141,-0.26],[-0.23,-0.45],[-0.101,-0.22],[0,0],[0.01,-0.331],[0.081,-0.65],[1.21,-6.02],[-0.86,-0.28],[0,0],[-1.271,-0.12],[0,0],[-0.519,0.26],[-0.321,0.18],[-2.521,1.58],[0.06,1.5],[0.63,0.81],[0.869,1.14],[-0.04,0.111],[-0.049,0.119],[-0.48,0.95],[-0.219,0.48],[-0.701,1.599],[-0.08,0.2],[-0.021,0.06],[-0.09,0.23],[-0.179,0.45],[-0.321,0.87]],"v":[[-14.325,15.545],[-14.304,15.555],[-9.715,16.734],[2.236,18.175],[10.196,17.444],[10.896,17.274],[11.305,17.165],[12.005,16.965],[12.995,16.645],[13.075,16.615],[14.106,16.205],[14.325,16.115],[13.305,14.305],[12.995,13.774],[12.196,12.405],[11.856,11.805],[11.646,11.415],[11.225,10.615],[10.566,9.215],[10.125,8.115],[9.075,0.855],[9.155,-0.135],[9.495,-2.145],[6.346,-17.505],[3.285,-18.085],[3.276,-18.085],[-1.154,-18.115],[-5.715,-16.145],[-7.304,-15.285],[-8.264,-14.715],[-12.175,-8.215],[-10.675,-4.565],[-8.904,-2.465],[-8.524,1.984],[-8.675,2.325],[-8.845,2.685],[-10.255,5.625],[-10.894,7.066],[-12.774,11.545],[-13.014,12.125],[-13.075,12.285],[-13.335,12.955],[-13.804,14.145]],"c":true},"ix":2},"nm":"Path 1","mn":"ADBE Vector Shape - Group","hd":false},{"ty":"fl","c":{"a":0,"k":[0.20000000298,0.105999998748,0.423999994993,1],"ix":4,"x":"var $bm_rt;\ntry {\n    $bm_rt = thisComp.layer('Controller')('Effects')('Color 5')('ADBE Color Control-0001');\n} catch (e) {\n    $bm_rt = value;\n}"},"o":{"a":0,"k":100,"ix":5},"r":1,"bm":0,"nm":"Fill 1","mn":"ADBE Vector Graphic - Fill","hd":false},{"ty":"tr","p":{"a":0,"k":[104.533,48.326],"ix":2},"a":{"a":0,"k":[0,0],"ix":1},"s":{"a":0,"k":[100,100],"ix":3},"r":{"a":0,"k":0,"ix":6},"o":{"a":0,"k":100,"ix":7},"sk":{"a":0,"k":0,"ix":4},"sa":{"a":0,"k":0,"ix":5},"nm":"Transform"}],"nm":"Group 18","np":2,"cix":2,"bm":0,"ix":1,"mn":"ADBE Vector Group","hd":false},{"ty":"tr","p":{"a":0,"k":[331.802,210.495],"ix":2},"a":{"a":0,"k":[104.533,48.324],"ix":1},"s":{"a":0,"k":[200,200],"ix":3},"r":{"a":0,"k":0,"ix":6},"o":{"a":0,"k":100,"ix":7},"sk":{"a":0,"k":0,"ix":4},"sa":{"a":0,"k":0,"ix":5},"nm":"Transform"}],"nm":"Layer 9 Outlines - Group 18","np":1,"cix":2,"bm":0,"ix":4,"mn":"ADBE Vector Group","hd":false}],"ip":0,"op":150,"st":0,"bm":0},{"ddd":0,"ind":7,"ty":4,"nm":"Merged Shape Layer 4","parent":6,"sr":1,"ks":{"o":{"a":0,"k":100,"ix":11},"r":{"a":1,"k":[{"i":{"x":[0.6],"y":[1]},"o":{"x":[0.4],"y":[0]},"t":14,"s":[0]},{"i":{"x":[0.6],"y":[1]},"o":{"x":[0.4],"y":[0]},"t":33,"s":[19]},{"i":{"x":[0.6],"y":[1]},"o":{"x":[0.4],"y":[0]},"t":47,"s":[6]},{"i":{"x":[0.6],"y":[1]},"o":{"x":[0.4],"y":[0]},"t":61,"s":[19]},{"i":{"x":[0.6],"y":[1]},"o":{"x":[0.4],"y":[0]},"t":75,"s":[6]},{"i":{"x":[0.6],"y":[1]},"o":{"x":[0.4],"y":[0]},"t":90,"s":[19]},{"i":{"x":[0.6],"y":[1]},"o":{"x":[0.4],"y":[0]},"t":104,"s":[6]},{"i":{"x":[0.6],"y":[1]},"o":{"x":[0.4],"y":[0]},"t":118,"s":[19]},{"t":137,"s":[0]}],"ix":10},"p":{"a":0,"k":[322.834,178.203,0],"ix":2},"a":{"a":0,"k":[322.834,178.203,0],"ix":1},"s":{"a":0,"k":[100,100,100],"ix":6}},"ao":0,"shapes":[{"ty":"gr","it":[{"ty":"gr","it":[{"ind":0,"ty":"sh","ix":1,"ks":{"a":0,"k":{"i":[[-0.24,-2.79],[-0.17,-1.36],[-0.27,0.25],[-0.46,1.91],[0,0],[-0.31,1.191],[-1.35,3.19],[0.6,-0.21],[1.241,-0.91],[0,0],[0.25,-2.24]],"o":[[0.12,1.37],[0.36,0.11],[2.17,-2.03],[0.39,-1.63],[0,0],[0.14,-3.429],[-0.13,-0.73],[-1.13,0.4],[0,0],[-1.29,1.659],[-0.299,2.79]],"v":[[-1.862,6.215],[-1.513,10.325],[-0.563,10.135],[4.448,3.502],[4.838,0.692],[5.388,-1.279],[4.717,-9.345],[3.658,-10.225],[0.077,-8.225],[0.068,-8.215],[-4.419,-2.912]],"c":true},"ix":2},"nm":"Path 1","mn":"ADBE Vector Shape - Group","hd":false},{"ty":"fl","c":{"a":0,"k":[0.122000001371,0.050999999046,0.321999996901,1],"ix":4,"x":"var $bm_rt;\ntry {\n    $bm_rt = thisComp.layer('Controller')('Effects')('Color 8')('ADBE Color Control-0001');\n} catch (e) {\n    $bm_rt = value;\n}"},"o":{"a":0,"k":100,"ix":5},"r":1,"bm":0,"nm":"Fill 1","mn":"ADBE Vector Graphic - Fill","hd":false},{"ty":"tr","p":{"a":0,"k":[95.917,42.003],"ix":2},"a":{"a":0,"k":[0,0],"ix":1},"s":{"a":0,"k":[100,100],"ix":3},"r":{"a":0,"k":0,"ix":6},"o":{"a":0,"k":100,"ix":7},"sk":{"a":0,"k":0,"ix":4},"sa":{"a":0,"k":0,"ix":5},"nm":"Transform"}],"nm":"Group 19","np":2,"cix":2,"bm":0,"ix":1,"mn":"ADBE Vector Group","hd":false},{"ty":"tr","p":{"a":0,"k":[314.845,197.949],"ix":2},"a":{"a":0,"k":[96.055,42.051],"ix":1},"s":{"a":0,"k":[200,200],"ix":3},"r":{"a":0,"k":0,"ix":6},"o":{"a":0,"k":100,"ix":7},"sk":{"a":0,"k":0,"ix":4},"sa":{"a":0,"k":0,"ix":5},"nm":"Transform"}],"nm":"Layer 9 Outlines - Group 19","np":1,"cix":2,"bm":0,"ix":1,"mn":"ADBE Vector Group","hd":false},{"ty":"gr","it":[{"ty":"gr","it":[{"ind":0,"ty":"sh","ix":1,"ks":{"a":0,"k":{"i":[[-2.569,-0.82],[-0.269,0.25],[-0.46,1.911],[0,0],[-0.309,1.191],[0.39,2.09],[0.601,-0.21],[1.24,-0.909],[0,0],[2.13,-2.471]],"o":[[0.36,0.109],[2.17,-2.031],[0.391,-1.629],[0,0],[0.771,-2.829],[-0.129,-0.73],[-1.13,0.401],[0,0],[-2.109,1.55],[-1.95,2.27]],"v":[[0.1,10.326],[1.049,10.136],[6.06,3.502],[6.451,0.693],[7,-1.278],[6.329,-9.344],[5.269,-10.225],[1.689,-8.225],[1.679,-8.214],[-4.77,-2.014]],"c":true},"ix":2},"nm":"Path 1","mn":"ADBE Vector Shape - Group","hd":false},{"ty":"fl","c":{"a":0,"k":[0.20000000298,0.105999998748,0.423999994993,1],"ix":4,"x":"var $bm_rt;\ntry {\n    $bm_rt = thisComp.layer('Controller')('Effects')('Color 5')('ADBE Color Control-0001');\n} catch (e) {\n    $bm_rt = value;\n}"},"o":{"a":0,"k":100,"ix":5},"r":1,"bm":0,"nm":"Fill 1","mn":"ADBE Vector Graphic - Fill","hd":false},{"ty":"tr","p":{"a":0,"k":[94.305,42.003],"ix":2},"a":{"a":0,"k":[0,0],"ix":1},"s":{"a":0,"k":[100,100],"ix":3},"r":{"a":0,"k":0,"ix":6},"o":{"a":0,"k":100,"ix":7},"sk":{"a":0,"k":0,"ix":4},"sa":{"a":0,"k":0,"ix":5},"nm":"Transform"}],"nm":"Group 21","np":2,"cix":2,"bm":0,"ix":1,"mn":"ADBE Vector Group","hd":false},{"ty":"tr","p":{"a":0,"k":[312.483,197.949],"ix":2},"a":{"a":0,"k":[94.874,42.051],"ix":1},"s":{"a":0,"k":[200,200],"ix":3},"r":{"a":0,"k":0,"ix":6},"o":{"a":0,"k":100,"ix":7},"sk":{"a":0,"k":0,"ix":4},"sa":{"a":0,"k":0,"ix":5},"nm":"Transform"}],"nm":"Layer 9 Outlines - Group 21","np":1,"cix":2,"bm":0,"ix":2,"mn":"ADBE Vector Group","hd":false},{"ty":"gr","it":[{"ty":"gr","it":[{"ind":0,"ty":"sh","ix":1,"ks":{"a":1,"k":[{"i":{"x":0.6,"y":1},"o":{"x":0.4,"y":0},"t":33,"s":[{"i":[[0.505,0.768],[0.394,0.793],[0.484,0.802],[1.136,0.763],[0.269,-0.371],[-0.316,-1.624],[0.199,-0.972],[1.206,-0.275],[1.088,2.723],[1.174,0.649],[0.088,0.025],[-3.992,0.204],[-2.139,2.367]],"o":[[-0.48,-0.738],[-0.418,-0.832],[-0.726,-1.185],[-0.29,0.405],[-0.036,1.636],[0.197,0.972],[-0.3,1.468],[-3.488,0.8],[-0.474,-1.197],[-0.094,-0.054],[0.725,5.969],[6.128,-0.319],[0,-0.676]],"v":[[8.078,0.235],[6.518,-1.874],[5.487,-4.421],[2.486,-7.204],[1.646,-6.032],[2.197,-1.215],[2.785,2.316],[-0.547,4.438],[-6.289,0.533],[-8.96,-4.139],[-9.228,-4.263],[-2.034,7],[8.813,2.393]],"c":true}]},{"i":{"x":0.6,"y":1},"o":{"x":0.4,"y":0},"t":47,"s":[{"i":[[0.505,0.768],[0.394,0.793],[0.484,0.802],[1.136,0.763],[0.269,-0.371],[-0.316,-1.624],[0.199,-0.972],[1.206,-0.275],[0.422,2.902],[0.993,0.902],[0.08,0.045],[-3.992,0.204],[-2.139,2.367]],"o":[[-0.48,-0.738],[-0.418,-0.832],[-0.726,-1.185],[-0.29,0.405],[-0.036,1.636],[0.197,0.972],[-0.3,1.468],[-3.488,0.8],[-0.185,-1.274],[-0.079,-0.074],[-1.363,6.25],[6.128,-0.319],[0,-0.676]],"v":[[8.078,0.235],[6.518,-1.874],[5.487,-4.421],[2.486,-7.204],[1.646,-6.032],[2.197,-1.215],[2.785,2.316],[-0.547,4.438],[-6.437,-0.022],[-7.349,-4.785],[-7.581,-4.967],[-2.034,7],[8.813,2.393]],"c":true}]},{"i":{"x":0.6,"y":1},"o":{"x":0.4,"y":0},"t":61,"s":[{"i":[[0.505,0.768],[0.394,0.793],[0.484,0.802],[1.136,0.763],[0.269,-0.371],[-0.316,-1.624],[0.199,-0.972],[1.206,-0.275],[1.088,2.723],[1.174,0.649],[0.088,0.025],[-3.992,0.204],[-2.139,2.367]],"o":[[-0.48,-0.738],[-0.418,-0.832],[-0.726,-1.185],[-0.29,0.405],[-0.036,1.636],[0.197,0.972],[-0.3,1.468],[-3.488,0.8],[-0.474,-1.197],[-0.094,-0.054],[0.725,5.969],[6.128,-0.319],[0,-0.676]],"v":[[8.078,0.235],[6.518,-1.874],[5.487,-4.421],[2.486,-7.204],[1.646,-6.032],[2.197,-1.215],[2.785,2.316],[-0.547,4.438],[-6.289,0.533],[-8.96,-4.139],[-9.228,-4.263],[-2.034,7],[8.813,2.393]],"c":true}]},{"i":{"x":0.6,"y":1},"o":{"x":0.4,"y":0},"t":75,"s":[{"i":[[0.505,0.768],[0.394,0.793],[0.484,0.802],[1.136,0.763],[0.269,-0.371],[-0.316,-1.624],[0.199,-0.972],[1.206,-0.275],[0.422,2.902],[0.993,0.902],[0.08,0.045],[-3.992,0.204],[-2.139,2.367]],"o":[[-0.48,-0.738],[-0.418,-0.832],[-0.726,-1.185],[-0.29,0.405],[-0.036,1.636],[0.197,0.972],[-0.3,1.468],[-3.488,0.8],[-0.185,-1.274],[-0.079,-0.074],[-1.363,6.25],[6.128,-0.319],[0,-0.676]],"v":[[8.078,0.235],[6.518,-1.874],[5.487,-4.421],[2.486,-7.204],[1.646,-6.032],[2.197,-1.215],[2.785,2.316],[-0.547,4.438],[-6.437,-0.022],[-7.349,-4.785],[-7.581,-4.967],[-2.034,7],[8.813,2.393]],"c":true}]},{"i":{"x":0.6,"y":1},"o":{"x":0.4,"y":0},"t":90,"s":[{"i":[[0.505,0.768],[0.394,0.793],[0.484,0.802],[1.136,0.763],[0.269,-0.371],[-0.316,-1.624],[0.199,-0.972],[1.206,-0.275],[1.088,2.723],[1.174,0.649],[0.088,0.025],[-3.992,0.204],[-2.139,2.367]],"o":[[-0.48,-0.738],[-0.418,-0.832],[-0.726,-1.185],[-0.29,0.405],[-0.036,1.636],[0.197,0.972],[-0.3,1.468],[-3.488,0.8],[-0.474,-1.197],[-0.094,-0.054],[0.725,5.969],[6.128,-0.319],[0,-0.676]],"v":[[8.078,0.235],[6.518,-1.874],[5.487,-4.421],[2.486,-7.204],[1.646,-6.032],[2.197,-1.215],[2.785,2.316],[-0.547,4.438],[-6.289,0.533],[-8.96,-4.139],[-9.228,-4.263],[-2.034,7],[8.813,2.393]],"c":true}]},{"i":{"x":0.6,"y":1},"o":{"x":0.4,"y":0},"t":104,"s":[{"i":[[0.505,0.768],[0.394,0.793],[0.484,0.802],[1.136,0.763],[0.269,-0.371],[-0.316,-1.624],[0.199,-0.972],[1.206,-0.275],[0.422,2.902],[0.993,0.902],[0.08,0.045],[-3.992,0.204],[-2.139,2.367]],"o":[[-0.48,-0.738],[-0.418,-0.832],[-0.726,-1.185],[-0.29,0.405],[-0.036,1.636],[0.197,0.972],[-0.3,1.468],[-3.488,0.8],[-0.185,-1.274],[-0.079,-0.074],[-1.363,6.25],[6.128,-0.319],[0,-0.676]],"v":[[8.078,0.235],[6.518,-1.874],[5.487,-4.421],[2.486,-7.204],[1.646,-6.032],[2.197,-1.215],[2.785,2.316],[-0.547,4.438],[-6.437,-0.022],[-7.349,-4.785],[-7.581,-4.967],[-2.034,7],[8.813,2.393]],"c":true}]},{"t":118,"s":[{"i":[[0.505,0.768],[0.394,0.793],[0.484,0.802],[1.136,0.763],[0.269,-0.371],[-0.316,-1.624],[0.199,-0.972],[1.206,-0.275],[1.088,2.723],[1.174,0.649],[0.088,0.025],[-3.992,0.204],[-2.139,2.367]],"o":[[-0.48,-0.738],[-0.418,-0.832],[-0.726,-1.185],[-0.29,0.405],[-0.036,1.636],[0.197,0.972],[-0.3,1.468],[-3.488,0.8],[-0.474,-1.197],[-0.094,-0.054],[0.725,5.969],[6.128,-0.319],[0,-0.676]],"v":[[8.078,0.235],[6.518,-1.874],[5.487,-4.421],[2.486,-7.204],[1.646,-6.032],[2.197,-1.215],[2.785,2.316],[-0.547,4.438],[-6.289,0.533],[-8.96,-4.139],[-9.228,-4.263],[-2.034,7],[8.813,2.393]],"c":true}]}],"ix":2},"nm":"Path 1","mn":"ADBE Vector Shape - Group","hd":false},{"ty":"fl","c":{"a":0,"k":[0.987999975681,0.234999999404,0.298000007868,1],"ix":4,"x":"var $bm_rt;\ntry {\n    $bm_rt = thisComp.layer('Controller')('Effects')('Color 6')('ADBE Color Control-0001');\n} catch (e) {\n    $bm_rt = value;\n}"},"o":{"a":0,"k":100,"ix":5},"r":1,"bm":0,"nm":"Fill 1","mn":"ADBE Vector Graphic - Fill","hd":false},{"ty":"tr","p":{"a":0,"k":[86.541,50.313],"ix":2},"a":{"a":0,"k":[0,0],"ix":1},"s":{"a":0,"k":[100,100],"ix":3},"r":{"a":0,"k":0,"ix":6},"o":{"a":0,"k":100,"ix":7},"sk":{"a":0,"k":0,"ix":4},"sa":{"a":0,"k":0,"ix":5},"nm":"Transform"}],"nm":"Group 22","np":2,"cix":2,"bm":0,"ix":1,"mn":"ADBE Vector Group","hd":false},{"ty":"tr","p":{"a":0,"k":[295.817,214.275],"ix":2},"a":{"a":0,"k":[86.541,50.214],"ix":1},"s":{"a":0,"k":[200,200],"ix":3},"r":{"a":0,"k":0,"ix":6},"o":{"a":0,"k":100,"ix":7},"sk":{"a":0,"k":0,"ix":4},"sa":{"a":0,"k":0,"ix":5},"nm":"Transform"}],"nm":"Layer 9 Outlines - Group 22","np":1,"cix":2,"bm":0,"ix":3,"mn":"ADBE Vector Group","hd":false},{"ty":"gr","it":[{"ty":"gr","it":[{"ind":0,"ty":"sh","ix":1,"ks":{"a":1,"k":[{"i":{"x":0.6,"y":1},"o":{"x":0.4,"y":0},"t":33,"s":[{"i":[[0,0],[0.397,-1.639],[1.555,-1.71],[6.128,-0.318],[-0.533,3.283],[0,0],[-1.378,0.592],[-1.568,2.223],[-0.29,0.405],[-3.112,1.106]],"o":[[0,0],[-0.393,1.611],[-2.14,2.367],[-3.991,0.204],[0.172,-1.083],[1.313,0.402],[0.442,-0.192],[0.268,-0.371],[3.154,-4.434],[3.092,-1.088]],"v":[[11.467,-1.44],[11.078,1.371],[6.066,8.565],[-5.829,13.245],[-13.832,-6.73],[-11.249,-5.651],[-4.303,4.236],[-1.1,0.14],[-0.262,-1.033],[10.291,-12.361]],"c":true}]},{"i":{"x":0.6,"y":1},"o":{"x":0.4,"y":0},"t":47,"s":[{"i":[[0,0],[0.397,-1.639],[1.555,-1.71],[6.128,-0.318],[-1.335,14.111],[0,0],[-1.378,0.592],[-1.568,2.223],[-0.29,0.405],[-3.112,1.106]],"o":[[0,0],[-0.393,1.611],[-2.14,2.367],[-3.991,0.204],[0.103,-1.092],[1.185,0.694],[0.442,-0.192],[0.268,-0.371],[3.154,-4.434],[3.092,-1.088]],"v":[[11.467,-1.44],[11.078,1.371],[6.066,8.565],[-5.829,13.245],[-10.128,-8],[-7.489,-6.342],[-4.303,4.236],[-1.1,0.14],[-0.262,-1.033],[10.291,-12.361]],"c":true}]},{"i":{"x":0.6,"y":1},"o":{"x":0.4,"y":0},"t":61,"s":[{"i":[[0,0],[0.397,-1.639],[1.555,-1.71],[6.128,-0.318],[-0.533,3.283],[0,0],[-1.378,0.592],[-1.568,2.223],[-0.29,0.405],[-3.112,1.106]],"o":[[0,0],[-0.393,1.611],[-2.14,2.367],[-3.991,0.204],[0.172,-1.083],[1.313,0.402],[0.442,-0.192],[0.268,-0.371],[3.154,-4.434],[3.092,-1.088]],"v":[[11.467,-1.44],[11.078,1.371],[6.066,8.565],[-5.829,13.245],[-13.832,-6.73],[-11.249,-5.651],[-4.303,4.236],[-1.1,0.14],[-0.262,-1.033],[10.291,-12.361]],"c":true}]},{"i":{"x":0.6,"y":1},"o":{"x":0.4,"y":0},"t":75,"s":[{"i":[[0,0],[0.397,-1.639],[1.555,-1.71],[6.128,-0.318],[-1.335,14.111],[0,0],[-1.378,0.592],[-1.568,2.223],[-0.29,0.405],[-3.112,1.106]],"o":[[0,0],[-0.393,1.611],[-2.14,2.367],[-3.991,0.204],[0.103,-1.092],[1.185,0.694],[0.442,-0.192],[0.268,-0.371],[3.154,-4.434],[3.092,-1.088]],"v":[[11.467,-1.44],[11.078,1.371],[6.066,8.565],[-5.829,13.245],[-10.128,-8],[-7.489,-6.342],[-4.303,4.236],[-1.1,0.14],[-0.262,-1.033],[10.291,-12.361]],"c":true}]},{"i":{"x":0.6,"y":1},"o":{"x":0.4,"y":0},"t":90,"s":[{"i":[[0,0],[0.397,-1.639],[1.555,-1.71],[6.128,-0.318],[-0.533,3.283],[0,0],[-1.378,0.592],[-1.568,2.223],[-0.29,0.405],[-3.112,1.106]],"o":[[0,0],[-0.393,1.611],[-2.14,2.367],[-3.991,0.204],[0.172,-1.083],[1.313,0.402],[0.442,-0.192],[0.268,-0.371],[3.154,-4.434],[3.092,-1.088]],"v":[[11.467,-1.44],[11.078,1.371],[6.066,8.565],[-5.829,13.245],[-13.832,-6.73],[-11.249,-5.651],[-4.303,4.236],[-1.1,0.14],[-0.262,-1.033],[10.291,-12.361]],"c":true}]},{"i":{"x":0.6,"y":1},"o":{"x":0.4,"y":0},"t":104,"s":[{"i":[[0,0],[0.397,-1.639],[1.555,-1.71],[6.128,-0.318],[-1.335,14.111],[0,0],[-1.378,0.592],[-1.568,2.223],[-0.29,0.405],[-3.112,1.106]],"o":[[0,0],[-0.393,1.611],[-2.14,2.367],[-3.991,0.204],[0.103,-1.092],[1.185,0.694],[0.442,-0.192],[0.268,-0.371],[3.154,-4.434],[3.092,-1.088]],"v":[[11.467,-1.44],[11.078,1.371],[6.066,8.565],[-5.829,13.245],[-10.128,-8],[-7.489,-6.342],[-4.303,4.236],[-1.1,0.14],[-0.262,-1.033],[10.291,-12.361]],"c":true}]},{"t":118,"s":[{"i":[[0,0],[0.397,-1.639],[1.555,-1.71],[6.128,-0.318],[-0.533,3.283],[0,0],[-1.378,0.592],[-1.568,2.223],[-0.29,0.405],[-3.112,1.106]],"o":[[0,0],[-0.393,1.611],[-2.14,2.367],[-3.991,0.204],[0.172,-1.083],[1.313,0.402],[0.442,-0.192],[0.268,-0.371],[3.154,-4.434],[3.092,-1.088]],"v":[[11.467,-1.44],[11.078,1.371],[6.066,8.565],[-5.829,13.245],[-13.832,-6.73],[-11.249,-5.651],[-4.303,4.236],[-1.1,0.14],[-0.262,-1.033],[10.291,-12.361]],"c":true}]}],"ix":2},"nm":"Path 1","mn":"ADBE Vector Shape - Group","hd":false},{"ty":"fl","c":{"a":0,"k":[1,0.31400001049,0.361000001431,1],"ix":4,"x":"var $bm_rt;\ntry {\n    $bm_rt = thisComp.layer('Controller')('Effects')('Color')('ADBE Color Control-0001');\n} catch (e) {\n    $bm_rt = value;\n}"},"o":{"a":0,"k":100,"ix":5},"r":1,"bm":0,"nm":"Fill 1","mn":"ADBE Vector Graphic - Fill","hd":false},{"ty":"tr","p":{"a":0,"k":[89.288,44.141],"ix":2},"a":{"a":0,"k":[0,0],"ix":1},"s":{"a":0,"k":[100,100],"ix":3},"r":{"a":0,"k":0,"ix":6},"o":{"a":0,"k":100,"ix":7},"sk":{"a":0,"k":0,"ix":4},"sa":{"a":0,"k":0,"ix":5},"nm":"Transform"}],"nm":"Group 23","np":2,"cix":2,"bm":0,"ix":1,"mn":"ADBE Vector Group","hd":false},{"ty":"tr","p":{"a":0,"k":[299.834,202.955],"ix":2},"a":{"a":0,"k":[88.549,44.554],"ix":1},"s":{"a":0,"k":[200,200],"ix":3},"r":{"a":0,"k":0,"ix":6},"o":{"a":0,"k":100,"ix":7},"sk":{"a":0,"k":0,"ix":4},"sa":{"a":0,"k":0,"ix":5},"nm":"Transform"}],"nm":"Layer 9 Outlines - Group 23","np":1,"cix":2,"bm":0,"ix":4,"mn":"ADBE Vector Group","hd":false}],"ip":0,"op":150,"st":0,"bm":0},{"ddd":0,"ind":8,"ty":4,"nm":"Layer 9 Outlines - Group 24","sr":1,"ks":{"o":{"a":0,"k":100,"ix":11},"r":{"a":0,"k":0,"ix":10},"p":{"a":0,"k":[351.4,380.473,0],"ix":2},"a":{"a":0,"k":[115.582,133.313,0],"ix":1},"s":{"a":0,"k":[200,200,100],"ix":6}},"ao":0,"shapes":[{"ty":"gr","it":[{"ind":0,"ty":"sh","ix":1,"ks":{"a":0,"k":{"i":[[-1.76,2.066],[1.284,-2.186],[2.825,0.477],[-2.422,0.318],[0,0]],"o":[[0,0],[0,0],[0,0],[2.422,-0.318],[0,0]],"v":[[4.974,-2.723],[5.486,2.245],[-6.697,2.245],[-4.348,-1.809],[1.18,-2.27]],"c":true},"ix":2},"nm":"Path 1","mn":"ADBE Vector Shape - Group","hd":false},{"ty":"fl","c":{"a":0,"k":[0.122000002394,0.051000000449,0.322000002394,1],"ix":4,"x":"var $bm_rt;\ntry {\n    $bm_rt = thisComp.layer('Controller')('Effects')('Color 8')('ADBE Color Control-0001');\n} catch (e) {\n    $bm_rt = value;\n}"},"o":{"a":0,"k":100,"ix":5},"r":1,"bm":0,"nm":"Fill 1","mn":"ADBE Vector Graphic - Fill","hd":false},{"ty":"tr","p":{"a":0,"k":[115.956,133.446],"ix":2},"a":{"a":0,"k":[0,0],"ix":1},"s":{"a":0,"k":[100,100],"ix":3},"r":{"a":0,"k":0,"ix":6},"o":{"a":0,"k":100,"ix":7},"sk":{"a":0,"k":0,"ix":4},"sa":{"a":0,"k":0,"ix":5},"nm":"Transform"}],"nm":"Group 24","np":2,"cix":2,"bm":0,"ix":1,"mn":"ADBE Vector Group","hd":false}],"ip":0,"op":150,"st":0,"bm":0},{"ddd":0,"ind":9,"ty":4,"nm":"Layer 9 Outlines - Group 30","sr":1,"ks":{"o":{"a":0,"k":100,"ix":11},"r":{"a":0,"k":0,"ix":10},"p":{"a":1,"k":[{"i":{"x":0.6,"y":1},"o":{"x":0.4,"y":0},"t":3,"s":[318.513,380.473,0],"to":[-4.625,0,0],"ti":[4.625,0,0]},{"i":{"x":0.6,"y":0.6},"o":{"x":0.4,"y":0.4},"t":18,"s":[290.763,380.473,0],"to":[0,0,0],"ti":[0,0,0]},{"i":{"x":0.6,"y":1},"o":{"x":0.4,"y":0},"t":121,"s":[290.763,380.473,0],"to":[4.625,0,0],"ti":[-4.625,0,0]},{"t":139,"s":[318.513,380.473,0]}],"ix":2},"a":{"a":0,"k":[94.888,133.313,0],"ix":1},"s":{"a":0,"k":[200,200,100],"ix":6}},"ao":0,"shapes":[{"ty":"gr","it":[{"ind":0,"ty":"sh","ix":1,"ks":{"a":0,"k":{"i":[[-1.76,2.066],[1.284,-2.186],[2.825,0.477],[-2.421,0.318],[0,0]],"o":[[0,0],[0,0],[0,0],[2.422,-0.318],[0,0]],"v":[[4.974,-2.723],[5.486,2.245],[-6.697,2.245],[-4.349,-1.809],[0.801,-2.081]],"c":true},"ix":2},"nm":"Path 1","mn":"ADBE Vector Shape - Group","hd":false},{"ty":"fl","c":{"a":0,"k":[0.122000002394,0.051000000449,0.322000002394,1],"ix":4,"x":"var $bm_rt;\ntry {\n    $bm_rt = thisComp.layer('Controller')('Effects')('Color 8')('ADBE Color Control-0001');\n} catch (e) {\n    $bm_rt = value;\n}"},"o":{"a":0,"k":100,"ix":5},"r":1,"bm":0,"nm":"Fill 1","mn":"ADBE Vector Graphic - Fill","hd":false},{"ty":"tr","p":{"a":0,"k":[95.263,133.446],"ix":2},"a":{"a":0,"k":[0,0],"ix":1},"s":{"a":0,"k":[100,100],"ix":3},"r":{"a":0,"k":0,"ix":6},"o":{"a":0,"k":100,"ix":7},"sk":{"a":0,"k":0,"ix":4},"sa":{"a":0,"k":0,"ix":5},"nm":"Transform"}],"nm":"Group 30","np":2,"cix":2,"bm":0,"ix":1,"mn":"ADBE Vector Group","hd":false}],"ip":0,"op":150,"st":0,"bm":0},{"ddd":0,"ind":10,"ty":4,"nm":"Merged Shape Layer 3","sr":1,"ks":{"o":{"a":0,"k":100,"ix":11},"r":{"a":1,"k":[{"i":{"x":[0.6],"y":[1]},"o":{"x":[0.4],"y":[0]},"t":3,"s":[0]},{"i":{"x":[0.6],"y":[1]},"o":{"x":[0.4],"y":[0]},"t":18,"s":[-4]},{"i":{"x":[0.6],"y":[1]},"o":{"x":[0.4],"y":[0]},"t":121,"s":[-4]},{"t":139,"s":[0]}],"ix":10},"p":{"a":0,"k":[358.688,378.086,0],"ix":2},"a":{"a":0,"k":[361.188,378.086,0],"ix":1},"s":{"a":0,"k":[100,100,100],"ix":6}},"ao":0,"shapes":[{"ty":"gr","it":[{"ty":"gr","it":[{"ind":0,"ty":"sh","ix":1,"ks":{"a":0,"k":{"i":[[1.92,13.712],[0.114,5.322],[0,0.744],[3.848,9.901],[0.035,-1.203],[-0.202,-1.421],[0.335,-2.575],[0.248,-4.062],[-2.343,-6.945],[-0.458,-4.579],[0.026,-2.919],[0,0]],"o":[[-0.798,-5.703],[-0.017,-0.754],[-0.07,-12.877],[0,-1.98],[-0.035,1.468],[0.379,2.499],[-0.52,3.987],[-0.449,7.469],[1.462,4.311],[0.291,2.9],[0,0],[0,0]],"v":[[2.814,16.708],[1.723,-0.371],[1.697,-2.633],[1.016,-31.703],[-3.341,-33.441],[-2.997,-29.122],[-2.46,-21.577],[-4.415,-9.759],[-0.945,11.514],[2.154,24.696],[2.483,34.645],[3.529,34.535]],"c":true},"ix":2},"nm":"Path 1","mn":"ADBE Vector Shape - Group","hd":false},{"ty":"fl","c":{"a":0,"k":[0.282000005245,0.263000011444,0.725000023842,1],"ix":4,"x":"var $bm_rt;\ntry {\n    $bm_rt = thisComp.layer('Controller').effect('Color 9')('ADBE Color Control-0001');\n} catch (e) {\n    $bm_rt = value;\n}"},"o":{"a":0,"k":100,"ix":5},"r":1,"bm":0,"nm":"Fill 1","mn":"ADBE Vector Graphic - Fill","hd":false},{"ty":"tr","p":{"a":0,"k":[117.591,94.948],"ix":2},"a":{"a":0,"k":[0,0],"ix":1},"s":{"a":0,"k":[100,100],"ix":3},"r":{"a":0,"k":0,"ix":6},"o":{"a":0,"k":100,"ix":7},"sk":{"a":0,"k":0,"ix":4},"sa":{"a":0,"k":0,"ix":5},"nm":"Transform"}],"nm":"Group 25","np":2,"cix":2,"bm":0,"ix":1,"mn":"ADBE Vector Group","hd":false},{"ty":"tr","p":{"a":0,"k":[357.328,304.417],"ix":2},"a":{"a":0,"k":[117.296,95.285],"ix":1},"s":{"a":0,"k":[200,200],"ix":3},"r":{"a":0,"k":0,"ix":6},"o":{"a":0,"k":100,"ix":7},"sk":{"a":0,"k":0,"ix":4},"sa":{"a":0,"k":0,"ix":5},"nm":"Transform"}],"nm":"Layer 9 Outlines - Group 25","np":1,"cix":2,"bm":0,"ix":1,"mn":"ADBE Vector Group","hd":false},{"ty":"gr","it":[{"ty":"gr","it":[{"ind":0,"ty":"sh","ix":1,"ks":{"a":0,"k":{"i":[[0,0],[0,0],[0.942,9.005],[0.08,3.681],[0,0],[-2.387,0.304],[-0.299,-0.534],[-0.59,-1.526],[-0.07,-12.877],[-0.017,-0.754],[-1.413,-5.559]],"o":[[0,0],[-2.396,-8.585],[-1.462,-13.983],[-0.008,-0.592],[3.161,-4.169],[0.942,-0.124],[0.969,1.755],[3.848,9.901],[0,0.744],[0.124,5.322],[2.771,10.907]],"v":[[8.162,35.514],[3.569,36.05],[-6.175,3.793],[-9.482,-28.847],[-9.499,-29.753],[1.407,-35.925],[3.335,-35.316],[5.651,-30.412],[6.329,-1.653],[6.355,0.608],[6.566,18.044]],"c":true},"ix":2},"nm":"Path 1","mn":"ADBE Vector Shape - Group","hd":false},{"ty":"fl","c":{"a":0,"k":[0.462999999523,0.446999996901,0.898000001907,1],"ix":4,"x":"var $bm_rt;\ntry {\n    $bm_rt = thisComp.layer('Controller').effect('Color 10')('ADBE Color Control-0001');\n} catch (e) {\n    $bm_rt = value;\n}"},"o":{"a":0,"k":100,"ix":5},"r":1,"bm":0,"nm":"Fill 1","mn":"ADBE Vector Graphic - Fill","hd":false},{"ty":"tr","p":{"a":0,"k":[112.958,93.969],"ix":2},"a":{"a":0,"k":[0,0],"ix":1},"s":{"a":0,"k":[100,100],"ix":3},"r":{"a":0,"k":0,"ix":6},"o":{"a":0,"k":100,"ix":7},"sk":{"a":0,"k":0,"ix":4},"sa":{"a":0,"k":0,"ix":5},"nm":"Transform"}],"nm":"Group 26","np":2,"cix":2,"bm":0,"ix":1,"mn":"ADBE Vector Group","hd":false},{"ty":"tr","p":{"a":0,"k":[347.562,301.874],"ix":2},"a":{"a":0,"k":[112.413,94.014],"ix":1},"s":{"a":0,"k":[200,200],"ix":3},"r":{"a":0,"k":0,"ix":6},"o":{"a":0,"k":100,"ix":7},"sk":{"a":0,"k":0,"ix":4},"sa":{"a":0,"k":0,"ix":5},"nm":"Transform"}],"nm":"Layer 9 Outlines - Group 26","np":1,"cix":2,"bm":0,"ix":2,"mn":"ADBE Vector Group","hd":false},{"ty":"gr","it":[{"ty":"gr","it":[{"ind":0,"ty":"sh","ix":1,"ks":{"a":0,"k":{"i":[[-0.347,0.47],[-0.039,-0.253],[0.371,-0.393],[0.075,0.752]],"o":[[0.359,-0.487],[0.12,0.775],[-0.359,0.381],[-0.067,-0.649]],"v":[[-1.843,-2.711],[1.886,-2.555],[1.82,1.581],[-1.538,2.445]],"c":true},"ix":2},"nm":"Path 1","mn":"ADBE Vector Shape - Group","hd":false},{"ty":"fl","c":{"a":0,"k":[1,0.31400001049,0.361000001431,1],"ix":4,"x":"var $bm_rt;\ntry {\n    $bm_rt = thisComp.layer('Controller')('Effects')('Color')('ADBE Color Control-0001');\n} catch (e) {\n    $bm_rt = value;\n}"},"o":{"a":0,"k":100,"ix":5},"r":1,"bm":0,"nm":"Fill 1","mn":"ADBE Vector Graphic - Fill","hd":false},{"ty":"tr","p":{"a":0,"k":[118.836,130.047],"ix":2},"a":{"a":0,"k":[0,0],"ix":1},"s":{"a":0,"k":[100,100],"ix":3},"r":{"a":0,"k":0,"ix":6},"o":{"a":0,"k":100,"ix":7},"sk":{"a":0,"k":0,"ix":4},"sa":{"a":0,"k":0,"ix":5},"nm":"Transform"}],"nm":"Group 29","np":2,"cix":2,"bm":0,"ix":1,"mn":"ADBE Vector Group","hd":false},{"ty":"tr","p":{"a":0,"k":[360.494,373.681],"ix":2},"a":{"a":0,"k":[118.879,129.917],"ix":1},"s":{"a":0,"k":[200,200],"ix":3},"r":{"a":0,"k":0,"ix":6},"o":{"a":0,"k":100,"ix":7},"sk":{"a":0,"k":0,"ix":4},"sa":{"a":0,"k":0,"ix":5},"nm":"Transform"}],"nm":"Layer 9 Outlines - Group 29","np":1,"cix":2,"bm":0,"ix":3,"mn":"ADBE Vector Group","hd":false}],"ip":0,"op":150,"st":0,"bm":0},{"ddd":0,"ind":11,"ty":4,"nm":"Merged Shape Layer 2","parent":10,"sr":1,"ks":{"o":{"a":0,"k":100,"ix":11},"r":{"a":1,"k":[{"i":{"x":[0.6],"y":[1]},"o":{"x":[0.4],"y":[0]},"t":3,"s":[0]},{"i":{"x":[0.6],"y":[1]},"o":{"x":[0.4],"y":[0]},"t":18,"s":[11]},{"i":{"x":[0.6],"y":[1]},"o":{"x":[0.4],"y":[0]},"t":121,"s":[11]},{"t":139,"s":[0]}],"ix":10},"p":{"a":0,"k":[331.897,228.655,0],"ix":2},"a":{"a":0,"k":[323.405,228.411,0],"ix":1},"s":{"a":0,"k":[100,100,100],"ix":6}},"ao":0,"shapes":[{"ty":"gr","it":[{"ty":"gr","it":[{"ind":0,"ty":"sh","ix":1,"ks":{"a":0,"k":{"i":[[0.3,5.946],[-0.44,5.962],[-1.902,5.294],[1.241,0.907],[0.449,-1.46],[-0.08,-1.154],[0.951,-1.85],[0.802,-3.1],[-1.302,-5.933],[-0.211,-3.854],[0.291,-2.175],[0,0]],"o":[[-0.301,-5.972],[0.238,-3.205],[-0.502,-1.63],[-1.03,-0.744],[-0.361,1.154],[0.141,2.118],[-1.427,2.738],[-1.549,6.029],[0.829,3.739],[0.115,2.213],[0,0],[0,0]],"v":[[1.513,16.904],[0.742,-6.999],[6.469,-24.74],[5.352,-30.78],[-0.156,-25.132],[0.223,-21.365],[-1.063,-15.317],[-5.044,-7.324],[-4.049,10.924],[-2.129,22.284],[-2.018,31.524],[1.174,31.193]],"c":true},"ix":2},"nm":"Path 1","mn":"ADBE Vector Shape - Group","hd":false},{"ty":"fl","c":{"a":0,"k":[0.282000005245,0.263000011444,0.725000023842,1],"ix":4,"x":"var $bm_rt;\ntry {\n    $bm_rt = thisComp.layer('Controller')('Effects')('Color 9')('ADBE Color Control-0001');\n} catch (e) {\n    $bm_rt = value;\n}"},"o":{"a":0,"k":100,"ix":5},"r":1,"bm":0,"nm":"Fill 1","mn":"ADBE Vector Graphic - Fill","hd":false},{"ty":"tr","p":{"a":0,"k":[99.39,98.29],"ix":2},"a":{"a":0,"k":[0,0],"ix":1},"s":{"a":0,"k":[100,100],"ix":3},"r":{"a":0,"k":0,"ix":6},"o":{"a":0,"k":100,"ix":7},"sk":{"a":0,"k":0,"ix":4},"sa":{"a":0,"k":0,"ix":5},"nm":"Transform"}],"nm":"Group 27","np":2,"cix":2,"bm":0,"ix":1,"mn":"ADBE Vector Group","hd":false},{"ty":"tr","p":{"a":0,"k":[322.222,311.095],"ix":2},"a":{"a":0,"k":[99.743,98.624],"ix":1},"s":{"a":0,"k":[200,200],"ix":3},"r":{"a":0,"k":0,"ix":6},"o":{"a":0,"k":100,"ix":7},"sk":{"a":0,"k":0,"ix":4},"sa":{"a":0,"k":0,"ix":5},"nm":"Transform"}],"nm":"Layer 9 Outlines - Group 27","np":1,"cix":2,"bm":0,"ix":1,"mn":"ADBE Vector Group","hd":false},{"ty":"gr","it":[{"ty":"gr","it":[{"ind":0,"ty":"sh","ix":1,"ks":{"a":0,"k":{"i":[[0.237,-3.205],[-0.44,-5.962],[0,0],[0,0],[0,9.062],[-3.073,7.164],[-1.357,-1.669],[1.638,-4.568]],"o":[[-0.44,5.962],[0.027,0.401],[0,0],[-2.817,-9.102],[0,-9.061],[2.923,-6.81],[0.625,0.772],[-1.903,5.294]],"v":[[2.821,-0.373],[3.225,23.57],[3.252,37.819],[-1.921,38.356],[-10.115,-0.221],[-6.321,-31.546],[9.49,-27.28],[7.294,-15.044]],"c":true},"ix":2},"nm":"Path 1","mn":"ADBE Vector Shape - Group","hd":false},{"ty":"fl","c":{"a":0,"k":[0.462999999523,0.446999996901,0.898000001907,1],"ix":4,"x":"var $bm_rt;\ntry {\n    $bm_rt = thisComp.layer('Controller')('Effects')('Color 10')('ADBE Color Control-0001');\n} catch (e) {\n    $bm_rt = value;\n}"},"o":{"a":0,"k":100,"ix":5},"r":1,"bm":0,"nm":"Fill 1","mn":"ADBE Vector Graphic - Fill","hd":false},{"ty":"tr","p":{"a":0,"k":[97.312,91.664],"ix":2},"a":{"a":0,"k":[0,0],"ix":1},"s":{"a":0,"k":[100,100],"ix":3},"r":{"a":0,"k":0,"ix":6},"o":{"a":0,"k":100,"ix":7},"sk":{"a":0,"k":0,"ix":4},"sa":{"a":0,"k":0,"ix":5},"nm":"Transform"}],"nm":"Group 28","np":2,"cix":2,"bm":0,"ix":1,"mn":"ADBE Vector Group","hd":false},{"ty":"tr","p":{"a":0,"k":[316.905,301.54],"ix":2},"a":{"a":0,"k":[97.085,93.847],"ix":1},"s":{"a":0,"k":[200,200],"ix":3},"r":{"a":0,"k":0,"ix":6},"o":{"a":0,"k":100,"ix":7},"sk":{"a":0,"k":0,"ix":4},"sa":{"a":0,"k":0,"ix":5},"nm":"Transform"}],"nm":"Layer 9 Outlines - Group 28","np":1,"cix":2,"bm":0,"ix":2,"mn":"ADBE Vector Group","hd":false},{"ty":"gr","it":[{"ty":"gr","it":[{"ind":0,"ty":"sh","ix":1,"ks":{"a":0,"k":{"i":[[-0.347,0.47],[-0.039,-0.253],[0.371,-0.393],[0.076,0.751]],"o":[[0.359,-0.486],[0.119,0.774],[-0.36,0.38],[-0.065,-0.65]],"v":[[-2.12,-2.516],[2.164,-2.342],[2.096,1.794],[-1.694,2.251]],"c":true},"ix":2},"nm":"Path 1","mn":"ADBE Vector Shape - Group","hd":false},{"ty":"fl","c":{"a":0,"k":[1,0.31400001049,0.361000001431,1],"ix":4,"x":"var $bm_rt;\ntry {\n    $bm_rt = thisComp.layer('Controller')('Effects')('Color')('ADBE Color Control-0001');\n} catch (e) {\n    $bm_rt = value;\n}"},"o":{"a":0,"k":100,"ix":5},"r":1,"bm":0,"nm":"Fill 1","mn":"ADBE Vector Graphic - Fill","hd":false},{"ty":"tr","p":{"a":0,"k":[97.865,129.835],"ix":2},"a":{"a":0,"k":[0,0],"ix":1},"s":{"a":0,"k":[100,100],"ix":3},"r":{"a":0,"k":0,"ix":6},"o":{"a":0,"k":100,"ix":7},"sk":{"a":0,"k":0,"ix":4},"sa":{"a":0,"k":0,"ix":5},"nm":"Transform"}],"nm":"Group 31","np":2,"cix":2,"bm":0,"ix":1,"mn":"ADBE Vector Group","hd":false},{"ty":"tr","p":{"a":0,"k":[318.566,373.33],"ix":2},"a":{"a":0,"k":[97.915,129.741],"ix":1},"s":{"a":0,"k":[200,200],"ix":3},"r":{"a":0,"k":0,"ix":6},"o":{"a":0,"k":100,"ix":7},"sk":{"a":0,"k":0,"ix":4},"sa":{"a":0,"k":0,"ix":5},"nm":"Transform"}],"nm":"Layer 9 Outlines - Group 31","np":1,"cix":2,"bm":0,"ix":3,"mn":"ADBE Vector Group","hd":false}],"ip":0,"op":150,"st":0,"bm":0},{"ddd":0,"ind":12,"ty":4,"nm":"Merged Shape Layer","sr":1,"ks":{"o":{"a":0,"k":100,"ix":11},"r":{"a":0,"k":0,"ix":10},"p":{"a":0,"k":[213.299,185.329,0],"ix":2},"a":{"a":0,"k":[213.299,185.329,0],"ix":1},"s":{"a":0,"k":[100,100,100],"ix":6}},"ao":0,"shapes":[{"ty":"gr","it":[{"ty":"gr","it":[{"ind":0,"ty":"sh","ix":1,"ks":{"a":0,"k":{"i":[[0,0],[0,0],[0,0],[0,0]],"o":[[0,0],[0,0],[0,0],[0,0]],"v":[[45.032,1.74],[-45.032,1.74],[-45.032,-1.74],[45.032,-1.74]],"c":true},"ix":2},"nm":"Path 1","mn":"ADBE Vector Shape - Group","hd":false},{"ty":"fl","c":{"a":0,"k":[0.282000005245,0.263000011444,0.725000023842,1],"ix":4,"x":"var $bm_rt;\ntry {\n    $bm_rt = thisComp.layer('Controller')('Effects')('Color 9')('ADBE Color Control-0001');\n} catch (e) {\n    $bm_rt = value;\n}"},"o":{"a":0,"k":100,"ix":5},"r":1,"bm":0,"nm":"Fill 1","mn":"ADBE Vector Graphic - Fill","hd":false},{"ty":"tr","p":{"a":0,"k":[45.282,69.492],"ix":2},"a":{"a":0,"k":[0,0],"ix":1},"s":{"a":0,"k":[100,100],"ix":3},"r":{"a":0,"k":0,"ix":6},"o":{"a":0,"k":100,"ix":7},"sk":{"a":0,"k":0,"ix":4},"sa":{"a":0,"k":0,"ix":5},"nm":"Transform"}],"nm":"Group 32","np":2,"cix":2,"bm":0,"ix":1,"mn":"ADBE Vector Group","hd":false},{"ty":"tr","p":{"a":0,"k":[213.299,252.831],"ix":2},"a":{"a":0,"k":[45.282,69.492],"ix":1},"s":{"a":0,"k":[200,200],"ix":3},"r":{"a":0,"k":0,"ix":6},"o":{"a":0,"k":100,"ix":7},"sk":{"a":0,"k":0,"ix":4},"sa":{"a":0,"k":0,"ix":5},"nm":"Transform"}],"nm":"Layer 9 Outlines - Group 32","np":1,"cix":2,"bm":0,"ix":1,"mn":"ADBE Vector Group","hd":false},{"ty":"gr","it":[{"ty":"gr","it":[{"ind":0,"ty":"sh","ix":1,"ks":{"a":0,"k":{"i":[[0,0],[0,0],[0,0],[0,0]],"o":[[0,0],[0,0],[0,0],[0,0]],"v":[[45.032,3.516],[-45.032,3.516],[-41.508,-3.516],[41.508,-3.516]],"c":true},"ix":2},"nm":"Path 1","mn":"ADBE Vector Shape - Group","hd":false},{"ty":"fl","c":{"a":0,"k":[0.442999988794,0.379999995232,0.870999991894,1],"ix":4,"x":"var $bm_rt;\ntry {\n    $bm_rt = thisComp.layer('Controller').effect('Color 11')('ADBE Color Control-0001');\n} catch (e) {\n    $bm_rt = value;\n}"},"o":{"a":0,"k":100,"ix":5},"r":1,"bm":0,"nm":"Fill 1","mn":"ADBE Vector Graphic - Fill","hd":false},{"ty":"tr","p":{"a":0,"k":[45.282,64.235],"ix":2},"a":{"a":0,"k":[0,0],"ix":1},"s":{"a":0,"k":[100,100],"ix":3},"r":{"a":0,"k":0,"ix":6},"o":{"a":0,"k":100,"ix":7},"sk":{"a":0,"k":0,"ix":4},"sa":{"a":0,"k":0,"ix":5},"nm":"Transform"}],"nm":"Group 33","np":2,"cix":2,"bm":0,"ix":1,"mn":"ADBE Vector Group","hd":false},{"ty":"tr","p":{"a":0,"k":[213.3,242.317],"ix":2},"a":{"a":0,"k":[45.282,64.235],"ix":1},"s":{"a":0,"k":[200,200],"ix":3},"r":{"a":0,"k":0,"ix":6},"o":{"a":0,"k":100,"ix":7},"sk":{"a":0,"k":0,"ix":4},"sa":{"a":0,"k":0,"ix":5},"nm":"Transform"}],"nm":"Layer 9 Outlines - Group 33","np":1,"cix":2,"bm":0,"ix":2,"mn":"ADBE Vector Group","hd":false},{"ty":"gr","it":[{"ty":"gr","it":[{"ind":0,"ty":"sh","ix":1,"ks":{"a":0,"k":{"i":[[0,0],[0,0],[0,0],[0,0]],"o":[[0,0],[0,0],[0,0],[0,0]],"v":[[1.602,31.038],[-1.602,31.038],[-1.602,-31.038],[1.602,-31.038]],"c":true},"ix":2},"nm":"Path 1","mn":"ADBE Vector Shape - Group","hd":false},{"ty":"fl","c":{"a":0,"k":[0.694000005722,0.651000022888,1,1],"ix":4,"x":"var $bm_rt;\ntry {\n    $bm_rt = thisComp.layer('Controller').effect('Color 12')('ADBE Color Control-0001');\n} catch (e) {\n    $bm_rt = value;\n}"},"o":{"a":0,"k":100,"ix":5},"r":1,"bm":0,"nm":"Fill 1","mn":"ADBE Vector Graphic - Fill","hd":false},{"ty":"tr","p":{"a":0,"k":[85.34,31.289],"ix":2},"a":{"a":0,"k":[0,0],"ix":1},"s":{"a":0,"k":[100,100],"ix":3},"r":{"a":0,"k":0,"ix":6},"o":{"a":0,"k":100,"ix":7},"sk":{"a":0,"k":0,"ix":4},"sa":{"a":0,"k":0,"ix":5},"nm":"Transform"}],"nm":"Group 34","np":2,"cix":2,"bm":0,"ix":1,"mn":"ADBE Vector Group","hd":false},{"ty":"tr","p":{"a":0,"k":[293.416,176.425],"ix":2},"a":{"a":0,"k":[85.34,31.289],"ix":1},"s":{"a":0,"k":[200,200],"ix":3},"r":{"a":0,"k":0,"ix":6},"o":{"a":0,"k":100,"ix":7},"sk":{"a":0,"k":0,"ix":4},"sa":{"a":0,"k":0,"ix":5},"nm":"Transform"}],"nm":"Layer 9 Outlines - Group 34","np":1,"cix":2,"bm":0,"ix":3,"mn":"ADBE Vector Group","hd":false},{"ty":"gr","it":[{"ty":"gr","it":[{"ind":0,"ty":"sh","ix":1,"ks":{"a":0,"k":{"i":[[0,0],[0,0],[0,0],[0,0]],"o":[[0,0],[0,0],[0,0],[0,0]],"v":[[1.602,31.038],[-1.602,31.038],[-1.602,-31.038],[1.602,-31.038]],"c":true},"ix":2},"nm":"Path 1","mn":"ADBE Vector Shape - Group","hd":false},{"ty":"fl","c":{"a":0,"k":[0.694000005722,0.651000022888,1,1],"ix":4,"x":"var $bm_rt;\ntry {\n    $bm_rt = thisComp.layer('Controller')('Effects')('Color 12')('ADBE Color Control-0001');\n} catch (e) {\n    $bm_rt = value;\n}"},"o":{"a":0,"k":100,"ix":5},"r":1,"bm":0,"nm":"Fill 1","mn":"ADBE Vector Graphic - Fill","hd":false},{"ty":"tr","p":{"a":0,"k":[5.224,31.289],"ix":2},"a":{"a":0,"k":[0,0],"ix":1},"s":{"a":0,"k":[100,100],"ix":3},"r":{"a":0,"k":0,"ix":6},"o":{"a":0,"k":100,"ix":7},"sk":{"a":0,"k":0,"ix":4},"sa":{"a":0,"k":0,"ix":5},"nm":"Transform"}],"nm":"Group 35","np":2,"cix":2,"bm":0,"ix":1,"mn":"ADBE Vector Group","hd":false},{"ty":"tr","p":{"a":0,"k":[133.184,176.425],"ix":2},"a":{"a":0,"k":[5.224,31.289],"ix":1},"s":{"a":0,"k":[200,200],"ix":3},"r":{"a":0,"k":0,"ix":6},"o":{"a":0,"k":100,"ix":7},"sk":{"a":0,"k":0,"ix":4},"sa":{"a":0,"k":0,"ix":5},"nm":"Transform"}],"nm":"Layer 9 Outlines - Group 35","np":1,"cix":2,"bm":0,"ix":4,"mn":"ADBE Vector Group","hd":false},{"ty":"gr","it":[{"ty":"gr","it":[{"ind":0,"ty":"sh","ix":1,"ks":{"a":0,"k":{"i":[[0,0],[0,0],[0,0],[0,0]],"o":[[0,0],[0,0],[0,0],[0,0]],"v":[[-41.66,1.863],[41.66,1.863],[41.66,-1.863],[-41.66,-1.863]],"c":true},"ix":2},"nm":"Path 1","mn":"ADBE Vector Shape - Group","hd":false},{"ty":"fl","c":{"a":0,"k":[0.694000005722,0.651000022888,1,1],"ix":4,"x":"var $bm_rt;\ntry {\n    $bm_rt = thisComp.layer('Controller')('Effects')('Color 12')('ADBE Color Control-0001');\n} catch (e) {\n    $bm_rt = value;\n}"},"o":{"a":0,"k":100,"ix":5},"r":1,"bm":0,"nm":"Fill 1","mn":"ADBE Vector Graphic - Fill","hd":false},{"ty":"tr","p":{"a":0,"k":[45.282,2.113],"ix":2},"a":{"a":0,"k":[0,0],"ix":1},"s":{"a":0,"k":[100,100],"ix":3},"r":{"a":0,"k":0,"ix":6},"o":{"a":0,"k":100,"ix":7},"sk":{"a":0,"k":0,"ix":4},"sa":{"a":0,"k":0,"ix":5},"nm":"Transform"}],"nm":"Group 36","np":2,"cix":2,"bm":0,"ix":1,"mn":"ADBE Vector Group","hd":false},{"ty":"tr","p":{"a":0,"k":[213.3,118.074],"ix":2},"a":{"a":0,"k":[45.282,2.113],"ix":1},"s":{"a":0,"k":[200,200],"ix":3},"r":{"a":0,"k":0,"ix":6},"o":{"a":0,"k":100,"ix":7},"sk":{"a":0,"k":0,"ix":4},"sa":{"a":0,"k":0,"ix":5},"nm":"Transform"}],"nm":"Layer 9 Outlines - Group 36","np":1,"cix":2,"bm":0,"ix":5,"mn":"ADBE Vector Group","hd":false},{"ty":"gr","it":[{"ty":"gr","it":[{"ind":0,"ty":"sh","ix":1,"ks":{"a":0,"k":{"i":[[0,0],[0,0],[0,0],[0,0]],"o":[[0,0],[0,0],[0,0],[0,0]],"v":[[-19.693,1.863],[19.693,1.863],[19.693,-1.863],[-19.693,-1.863]],"c":true},"ix":2},"nm":"Path 1","mn":"ADBE Vector Shape - Group","hd":false},{"ty":"fl","c":{"a":0,"k":[0.694000005722,0.651000022888,1,1],"ix":4,"x":"var $bm_rt;\ntry {\n    $bm_rt = thisComp.layer('Controller')('Effects')('Color 12')('ADBE Color Control-0001');\n} catch (e) {\n    $bm_rt = value;\n}"},"o":{"a":0,"k":100,"ix":5},"r":1,"bm":0,"nm":"Fill 1","mn":"ADBE Vector Graphic - Fill","hd":false},{"ty":"tr","p":{"a":0,"k":[23.315,24.981],"ix":2},"a":{"a":0,"k":[0,0],"ix":1},"s":{"a":0,"k":[100,100],"ix":3},"r":{"a":0,"k":0,"ix":6},"o":{"a":0,"k":100,"ix":7},"sk":{"a":0,"k":0,"ix":4},"sa":{"a":0,"k":0,"ix":5},"nm":"Transform"}],"nm":"Group 37","np":2,"cix":2,"bm":0,"ix":1,"mn":"ADBE Vector Group","hd":false},{"ty":"tr","p":{"a":0,"k":[169.366,163.81],"ix":2},"a":{"a":0,"k":[23.315,24.981],"ix":1},"s":{"a":0,"k":[200,200],"ix":3},"r":{"a":0,"k":0,"ix":6},"o":{"a":0,"k":100,"ix":7},"sk":{"a":0,"k":0,"ix":4},"sa":{"a":0,"k":0,"ix":5},"nm":"Transform"}],"nm":"Layer 9 Outlines - Group 37","np":1,"cix":2,"bm":0,"ix":6,"mn":"ADBE Vector Group","hd":false},{"ty":"gr","it":[{"ty":"gr","it":[{"ind":0,"ty":"sh","ix":1,"ks":{"a":0,"k":{"i":[[0,0],[0,0],[0,0],[0,0]],"o":[[0,0],[0,0],[0,0],[0,0]],"v":[[2.274,31.812],[-2.274,31.812],[-2.274,-31.812],[2.274,-31.812]],"c":true},"ix":2},"nm":"Path 1","mn":"ADBE Vector Shape - Group","hd":false},{"ty":"fl","c":{"a":0,"k":[0.694000005722,0.651000022888,1,1],"ix":4,"x":"var $bm_rt;\ntry {\n    $bm_rt = thisComp.layer('Controller')('Effects')('Color 12')('ADBE Color Control-0001');\n} catch (e) {\n    $bm_rt = value;\n}"},"o":{"a":0,"k":100,"ix":5},"r":1,"bm":0,"nm":"Fill 1","mn":"ADBE Vector Graphic - Fill","hd":false},{"ty":"tr","p":{"a":0,"k":[45.282,32.243],"ix":2},"a":{"a":0,"k":[0,0],"ix":1},"s":{"a":0,"k":[100,100],"ix":3},"r":{"a":0,"k":0,"ix":6},"o":{"a":0,"k":100,"ix":7},"sk":{"a":0,"k":0,"ix":4},"sa":{"a":0,"k":0,"ix":5},"nm":"Transform"}],"nm":"Group 38","np":2,"cix":2,"bm":0,"ix":1,"mn":"ADBE Vector Group","hd":false},{"ty":"tr","p":{"a":0,"k":[213.3,178.333],"ix":2},"a":{"a":0,"k":[45.282,32.243],"ix":1},"s":{"a":0,"k":[200,200],"ix":3},"r":{"a":0,"k":0,"ix":6},"o":{"a":0,"k":100,"ix":7},"sk":{"a":0,"k":0,"ix":4},"sa":{"a":0,"k":0,"ix":5},"nm":"Transform"}],"nm":"Layer 9 Outlines - Group 38","np":1,"cix":2,"bm":0,"ix":7,"mn":"ADBE Vector Group","hd":false},{"ty":"gr","it":[{"ty":"gr","it":[{"ind":0,"ty":"sh","ix":1,"ks":{"a":0,"k":{"i":[[0,0],[0,0],[0,0],[0,0]],"o":[[0,0],[0,0],[0,0],[0,0]],"v":[[14.33,31.164],[10.157,31.164],[-14.33,-31.164],[-10.158,-31.164]],"c":true},"ix":2},"nm":"Path 1","mn":"ADBE Vector Shape - Group","hd":false},{"ty":"fl","c":{"a":0,"k":[1,1,1,1],"ix":4,"x":"var $bm_rt;\ntry {\n    $bm_rt = thisComp.layer('Controller').effect('Color 13')('ADBE Color Control-0001');\n} catch (e) {\n    $bm_rt = value;\n}"},"o":{"a":0,"k":100,"ix":5},"r":1,"bm":0,"nm":"Fill 1","mn":"ADBE Vector Graphic - Fill","hd":false},{"ty":"tr","p":{"a":0,"k":[54.01,31.596],"ix":2},"a":{"a":0,"k":[0,0],"ix":1},"s":{"a":0,"k":[100,100],"ix":3},"r":{"a":0,"k":0,"ix":6},"o":{"a":0,"k":100,"ix":7},"sk":{"a":0,"k":0,"ix":4},"sa":{"a":0,"k":0,"ix":5},"nm":"Transform"}],"nm":"Group 39","np":2,"cix":2,"bm":0,"ix":1,"mn":"ADBE Vector Group","hd":false},{"ty":"tr","p":{"a":0,"k":[230.757,177.038],"ix":2},"a":{"a":0,"k":[54.01,31.596],"ix":1},"s":{"a":0,"k":[200,200],"ix":3},"r":{"a":0,"k":0,"ix":6},"o":{"a":0,"k":100,"ix":7},"sk":{"a":0,"k":0,"ix":4},"sa":{"a":0,"k":0,"ix":5},"nm":"Transform"}],"nm":"Layer 9 Outlines - Group 39","np":1,"cix":2,"bm":0,"ix":8,"mn":"ADBE Vector Group","hd":false},{"ty":"gr","it":[{"ty":"gr","it":[{"ind":0,"ty":"sh","ix":1,"ks":{"a":0,"k":{"i":[[0,0],[0,0],[0,0],[0,0]],"o":[[0,0],[0,0],[0,0],[0,0]],"v":[[16.416,31.164],[8.072,31.164],[-16.416,-31.164],[-8.071,-31.164]],"c":true},"ix":2},"nm":"Path 1","mn":"ADBE Vector Shape - Group","hd":false},{"ty":"fl","c":{"a":0,"k":[1,1,1,1],"ix":4,"x":"var $bm_rt;\ntry {\n    $bm_rt = thisComp.layer('Controller')('Effects')('Color 13')('ADBE Color Control-0001');\n} catch (e) {\n    $bm_rt = value;\n}"},"o":{"a":0,"k":100,"ix":5},"r":1,"bm":0,"nm":"Fill 1","mn":"ADBE Vector Graphic - Fill","hd":false},{"ty":"tr","p":{"a":0,"k":[63.373,31.596],"ix":2},"a":{"a":0,"k":[0,0],"ix":1},"s":{"a":0,"k":[100,100],"ix":3},"r":{"a":0,"k":0,"ix":6},"o":{"a":0,"k":100,"ix":7},"sk":{"a":0,"k":0,"ix":4},"sa":{"a":0,"k":0,"ix":5},"nm":"Transform"}],"nm":"Group 40","np":2,"cix":2,"bm":0,"ix":1,"mn":"ADBE Vector Group","hd":false},{"ty":"tr","p":{"a":0,"k":[249.481,177.038],"ix":2},"a":{"a":0,"k":[63.373,31.596],"ix":1},"s":{"a":0,"k":[200,200],"ix":3},"r":{"a":0,"k":0,"ix":6},"o":{"a":0,"k":100,"ix":7},"sk":{"a":0,"k":0,"ix":4},"sa":{"a":0,"k":0,"ix":5},"nm":"Transform"}],"nm":"Layer 9 Outlines - Group 40","np":1,"cix":2,"bm":0,"ix":9,"mn":"ADBE Vector Group","hd":false},{"ty":"gr","it":[{"ty":"gr","it":[{"ind":0,"ty":"sh","ix":1,"ks":{"a":0,"k":{"i":[[0,0],[0,0],[0,0],[0,0]],"o":[[0,0],[0,0],[0,0],[0,0]],"v":[[16.415,31.164],[8.072,31.164],[-16.415,-31.164],[-8.072,-31.164]],"c":true},"ix":2},"nm":"Path 1","mn":"ADBE Vector Shape - Group","hd":false},{"ty":"fl","c":{"a":0,"k":[1,1,1,1],"ix":4,"x":"var $bm_rt;\ntry {\n    $bm_rt = thisComp.layer('Controller')('Effects')('Color 13')('ADBE Color Control-0001');\n} catch (e) {\n    $bm_rt = value;\n}"},"o":{"a":0,"k":100,"ix":5},"r":1,"bm":0,"nm":"Fill 1","mn":"ADBE Vector Graphic - Fill","hd":false},{"ty":"tr","p":{"a":0,"k":[32.245,31.596],"ix":2},"a":{"a":0,"k":[0,0],"ix":1},"s":{"a":0,"k":[100,100],"ix":3},"r":{"a":0,"k":0,"ix":6},"o":{"a":0,"k":100,"ix":7},"sk":{"a":0,"k":0,"ix":4},"sa":{"a":0,"k":0,"ix":5},"nm":"Transform"}],"nm":"Group 41","np":2,"cix":2,"bm":0,"ix":1,"mn":"ADBE Vector Group","hd":false},{"ty":"tr","p":{"a":0,"k":[187.226,177.038],"ix":2},"a":{"a":0,"k":[32.245,31.596],"ix":1},"s":{"a":0,"k":[200,200],"ix":3},"r":{"a":0,"k":0,"ix":6},"o":{"a":0,"k":100,"ix":7},"sk":{"a":0,"k":0,"ix":4},"sa":{"a":0,"k":0,"ix":5},"nm":"Transform"}],"nm":"Layer 9 Outlines - Group 41","np":1,"cix":2,"bm":0,"ix":10,"mn":"ADBE Vector Group","hd":false},{"ty":"gr","it":[{"ty":"gr","it":[{"ind":0,"ty":"sh","ix":1,"ks":{"a":0,"k":{"i":[[0,0],[0,0],[0,0],[0,0]],"o":[[0,0],[0,0],[0,0],[0,0]],"v":[[41.66,31.992],[-41.66,31.992],[-41.66,-31.992],[41.66,-31.992]],"c":true},"ix":2},"nm":"Path 1","mn":"ADBE Vector Shape - Group","hd":false},{"ty":"fl","c":{"a":0,"k":[0.773000001907,0.936999976635,0.976000010967,1],"ix":4,"x":"var $bm_rt;\ntry {\n    $bm_rt = thisComp.layer('Controller').effect('Color 14')('ADBE Color Control-0001');\n} catch (e) {\n    $bm_rt = value;\n}"},"o":{"a":0,"k":100,"ix":5},"r":1,"bm":0,"nm":"Fill 1","mn":"ADBE Vector Graphic - Fill","hd":false},{"ty":"tr","p":{"a":0,"k":[45.282,32.243],"ix":2},"a":{"a":0,"k":[0,0],"ix":1},"s":{"a":0,"k":[100,100],"ix":3},"r":{"a":0,"k":0,"ix":6},"o":{"a":0,"k":100,"ix":7},"sk":{"a":0,"k":0,"ix":4},"sa":{"a":0,"k":0,"ix":5},"nm":"Transform"}],"nm":"Group 42","np":2,"cix":2,"bm":0,"ix":1,"mn":"ADBE Vector Group","hd":false},{"ty":"tr","p":{"a":0,"k":[213.3,178.333],"ix":2},"a":{"a":0,"k":[45.282,32.243],"ix":1},"s":{"a":0,"k":[200,200],"ix":3},"r":{"a":0,"k":0,"ix":6},"o":{"a":0,"k":100,"ix":7},"sk":{"a":0,"k":0,"ix":4},"sa":{"a":0,"k":0,"ix":5},"nm":"Transform"}],"nm":"Layer 9 Outlines - Group 42","np":1,"cix":2,"bm":0,"ix":11,"mn":"ADBE Vector Group","hd":false}],"ip":0,"op":150,"st":0,"bm":0}],"markers":[]}